Workbook
Name EarlyYears_Subjects: Lists!$E$2:$E$50
Name LowerPrimary_Subjects: Lists!$F$2:$F$50
Name UpperPrimary_Subjects: Lists!$H$2:$H$50
Name JuniorSchool_Subjects: Lists!$I$2:$I$80

Sheet Classes
A1: Campus | B1: Academic Group | C1: Level | D1: Stream | E1: Class Name
A2: Upper | B2: Early Years | C2: Foundation | D2: Love | E2: Foundation – Love
A3: Upper | B3: Early Years | C3: Foundation | D3: Peace | E3: Foundation – Peace
A4: Upper | B4: Early Years | C4: PP1 | D4: Love | E4: PP1 – Love
A5: Upper | B5: Early Years | C5: PP1 | D5: Peace | E5: PP1 – Peace
A6: Upper | B6: Early Years | C6: PP2 | D6: Love | E6: PP2 – Love
A7: Upper | B7: Early Years | C7: PP2 | D7: Peace | E7: PP2 – Peace
A8: Upper | B8: Lower Primary | C8: Grade 1 | D8: Love | E8: Grade 1 – Love
A9: Upper | B9: Lower Primary | C9: Grade 1 | D9: Peace | E9: Grade 1 – Peace
A10: Upper | B10: Lower Primary | C10: Grade 2 | D10: Love | E10: Grade 2 – Love
A11: Upper | B11: Lower Primary | C11: Grade 2 | D11: Peace | E11: Grade 2 – Peace
A12: Lower | B12: Upper Primary | C12: Grade 4 | D12: A | E12: Grade 4 – A
... A23: Lower | B23: Junior School | C23: Grade 9 | D23: B | E23: Grade 9 – B

Sheet Teacher Allocation
A1: SUBJECT TEACHER ALLOCATION (LOWER CAMPUS – UPPER PRIMARY & JUNIOR SCHOOL)
A2: Campus | B2: Section | C2: Class | D2: Subject | E2: Teacher Name | F2: Role | G2: Week Start | H2: Week End | I2: Notes
F3: Subject Teacher
F4: Subject Teacher
F5: Subject Teacher
F6: Subject Teacher
F7: Subject Teacher
F8: Subject Teacher
F9: Subject Teacher
F10: Subject Teacher
F11: Subject Teacher
F12: Subject Teacher
F13: Subject Teacher
F14: Subject Teacher
... F302: Subject Teacher

Sheet Lower Campus Dashboard
A1: ROYAL KINGS PREMIER SCHOOL
A2: LOWER CAMPUS DASHBOARD (UPPER PRIMARY & JUNIOR SCHOOL)
A4: Week Ending (optional):
A6: SECTION PERFORMANCE (AVERAGE %)
A7: Section | B7: Average % | C7: Status
A8: Upper Primary | B8: =IF($B$4="",ROUND(AVERAGEIFS(Assessments!$J:$J,Assessments!$C:$C,"Lower",Assessments!$K:$K,"Upper Primary"),0),ROUND(AVERAGEIFS(Assessments!$J:$J,Assessments!$C:$C,"Lower",Assessments!$K:$K,"Upper Primary",Assessments!$B:$B,$B$4),0)) | C8: =IF(B8="","",IF(B8>=70,"🟢",IF(B8>=50,"🟠","🔴")))
A9: Junior School | B9: =IF($B$4="",ROUND(AVERAGEIFS(Assessments!$J:$J,Assessments!$C:$C,"Lower",Assessments!$K:$K,"Junior School"),0),ROUND(AVERAGEIFS(Assessments!$J:$J,Assessments!$C:$C,"Lower",Assessments!$K:$K,"Junior School",Assessments!$B:$B,$B$4),0)) | C9: =IF(B9="","",IF(B9>=70,"🟢",IF(B9>=50,"🟠","🔴")))

Sheet Lower Campus Heatmap
A1: ROYAL KINGS PREMIER SCHOOL
A2: LOWER CAMPUS HEATMAP TEMPLATE (GRADE 4–9)
A4: Auto-colors class averages by subject once Assessments data includes Grade 4–9 classes & subjects.
A6: Section | B6: Class | C6: English | D6: Kiswahili | E6: Mathematics | F6: Science | G6: Integrated Science | H6: Social Studies | I6: CRE | J6: Computer Studies | K6: Class Avg %
A7: Upper Primary | B7: Grade 4 – A | C7: =IFERROR(ROUND(AVERAGEIFS(Assessments!$J:$J,Assessments!$C:$C,"Lower",Assessments!$K:$K,"Upper Primary",Assessments!$D:$D,"Grade 4 – A",Assessments!$E:$E,"English"),0),"") | D7: =IFERROR(ROUND(AVERAGEIFS(Assessments!$J:$J,Assessments!$C:$C,"Lower",Assessments!$K:$K,"Upper Primary",Assessments!$D:$D,"Grade 4 – A",Assessments!$E:$E,"Kiswahili"),0),"") | E7: =IFERROR(ROUND(AVERAGEIFS(Assessments!$J:$J,Assessments!$C:$C,"Lower",Assessments!$K:$K,"Upper Primary",Assessments!$D:$D,"Grade 4 – A",Assessments!$E:$E,"Mathematics"),0),"") | F7: =IFERROR(ROUND(AVERAGEIFS(Assessments!$J:$J,Assessments!$C:$C,"Lower",Assessments!$K:$K,"Upper Primary",Assessments!$D:$D,"Grade 4 – A",Assessments!$E:$E,"Science"),0),"") | G7: =IFERROR(ROUND(AVERAGEIFS(Assessments!$J:$J,Assessments!$C:$C,"Lower",Assessments!$K:$K,"Upper Primary",Assessments!$D:$D,"Grade 4 – A",Assessments!$E:$E,"Integrated Science"),0),"") | H7: =IFERROR(ROUND(AVERAGEIFS(Assessments!$J:$J,Assessments!$C:$C,"Lower",Assessments!$K:$K,"Upper Primary",Assessments!$D:$D,"Grade 4 – A",Assessments!$E:$E,"Social Studies"),0),"") | I7: =IFERROR(ROUND(AVERAGEIFS(Assessments!$J:$J,Assessments!$C:$C,"Lower",Assessments!$K:$K,"Upper Primary",Assessments!$D:$D,"Grade 4 – A",Assessments!$E:$E,"CRE"),0),"") | J7: =IFERROR(ROUND(AVERAGEIFS(Assessments!$J:$J,Assessments!$C:$C,"Lower",Assessments!$K:$K,"Upper Primary",Assessments!$D:$D,"Grade 4 – A",Assessments!$E:$E,"Computer Studies"),0),"") | K7: =IFERROR(ROUND(AVERAGEIFS(Assessments!$J:$J,Assessments!$C:$C,"Lower",Assessments!$K:$K,"Upper Primary",Assessments!$D:$D,"Grade 4 – A"),0),"")
A8: Upper Primary | B8: Grade 4 – B | C8: =IFERROR(ROUND(AVERAGEIFS(Assessments!$J:$J,Assessments!$C:$C,"Lower",Assessments!$K:$K,"Upper Primary",Assessments!$D:$D,"Grade 4 – B",Assessments!$E:$E,"English"),0),"") | D8: =IFERROR(ROUND(AVERAGEIFS(Assessments!$J:$J,Assessments!$C:$C,"Lower",Assessments!$K:$K,"Upper Primary",Assessments!$D:$D,"Grade 4 – B",Assessments!$E:$E,"Kiswahili"),0),"") | E8: =IFERROR(ROUND(AVERAGEIFS(Assessments!$J:$J,Assessments!$C:$C,"Lower",Assessments!$K:$K,"Upper Primary",Assessments!$D:$D,"Grade 4 – B",Assessments!$E:$E,"Mathematics"),0),"") | F8: =IFERROR(ROUND(AVERAGEIFS(Assessments!$J:$J,Assessments!$C:$C,"Lower",Assessments!$K:$K,"Upper Primary",Assessments!$D:$D,"Grade 4 – B",Assessments!$E:$E,"Science"),0),"") | G8: =IFERROR(ROUND(AVERAGEIFS(Assessments!$J:$J,Assessments!$C:$C,"Lower",Assessments!$K:$K,"Upper Primary",Assessments!$D:$D,"Grade 4 – B",Assessments!$E:$E,"Integrated Science"),0),"") | H8: =IFERROR(ROUND(AVERAGEIFS(Assessments!$J:$J,Assessments!$C:$C,"Lower",Assessments!$K:$K,"Upper Primary",Assessments!$D:$D,"Grade 4 – B",Assessments!$E:$E,"Social Studies"),0),"") | I8: =IFERROR(ROUND(AVERAGEIFS(Assessments!$J:$J,Assessments!$C:$C,"Lower",Assessments!$K:$K,"Upper Primary",Assessments!$D:$D,"Grade 4 – B",Assessments!$E:$E,"CRE"),0),"") | J8: =IFERROR(ROUND(AVERAGEIFS(Assessments!$J:$J,Assessments!$C:$C,"Lower",Assessments!$K:$K,"Upper Primary",Assessments!$D:$D,"Grade 4 – B",Assessments!$E:$E,"Computer Studies"),0),"") | K8: =IFERROR(ROUND(AVERAGEIFS(Assessments!$J:$J,Assessments!$C:$C,"Lower",Assessments!$K:$K,"Upper Primary",Assessments!$D:$D,"Grade 4 – B"),0),"")
A9: Upper Primary | B9: Grade 5 – A | C9: =IFERROR(ROUND(AVERAGEIFS(Assessments!$J:$J,Assessments!$C:$C,"Lower",Assessments!$K:$K,"Upper Primary",Assessments!$D:$D,"Grade 5 – A",Assessments!$E:$E,"English"),0),"") | D9: =IFERROR(ROUND(AVERAGEIFS(Assessments!$J:$J,Assessments!$C:$C,"Lower",Assessments!$K:$K,"Upper Primary",Assessments!$D:$D,"Grade 5 – A",Assessments!$E:$E,"Kiswahili"),0),"") | E9: =IFERROR(ROUND(AVERAGEIFS(Assessments!$J:$J,Assessments!$C:$C,"Lower",Assessments!$K:$K,"Upper Primary",Assessments!$D:$D,"Grade 5 – A",Assessments!$E:$E,"Mathematics"),0),"") | F9: =IFERROR(ROUND(AVERAGEIFS(Assessments!$J:$J,Assessments!$C:$C,"Lower",Assessments!$K:$K,"Upper Primary",Assessments!$D:$D,"Grade 5 – A",Assessments!$E:$E,"Science"),0),"") | G9: =IFERROR(ROUND(AVERAGEIFS(Assessments!$J:$J,Assessments!$C:$C,"Lower",Assessments!$K:$K,"Upper Primary",Assessments!$D:$D,"Grade 5 – A",Assessments!$E:$E,"Integrated Science"),0),"") | H9: =IFERROR(ROUND(AVERAGEIFS(Assessments!$J:$J,Assessments!$C:$C,"Lower",Assessments!$K:$K,"Upper Primary",Assessments!$D:$D,"Grade 5 – A",Assessments!$E:$E,"Social Studies"),0),"") | I9: =IFERROR(ROUND(AVERAGEIFS(Assessments!$J:$J,Assessments!$C:$C,"Lower",Assessments!$K:$K,"Upper Primary",Assessments!$D:$D,"Grade 5 – A",Assessments!$E:$E,"CRE"),0),"") | J9: =IFERROR(ROUND(AVERAGEIFS(Assessments!$J:$J,Assessments!$C:$C,"Lower",Assessments!$K:$K,"Upper Primary",Assessments!$D:$D,"Grade 5 – A",Assessments!$E:$E,"Computer Studies"),0),"") | K9: =IFERROR(ROUND(AVERAGEIFS(Assessments!$J:$J,Assessments!$C:$C,"Lower",Assessments!$K:$K,"Upper Primary",Assessments!$D:$D,"Grade 5 – A"),0),"")
A10: Upper Primary | B10: Grade 5 – B | C10: =IFERROR(ROUND(AVERAGEIFS(Assessments!$J:$J,Assessments!$C:$C,"Lower",Assessments!$K:$K,"Upper Primary",Assessments!$D:$D,"Grade 5 – B",Assessments!$E:$E,"English"),0),"") | D10: =IFERROR(ROUND(AVERAGEIFS(Assessments!$J:$J,Assessments!$C:$C,"Lower",Assessments!$K:$K,"Upper Primary",Assessments!$D:$D,"Grade 5 – B",Assessments!$E:$E,"Kiswahili"),0),"") | E10: =IFERROR(ROUND(AVERAGEIFS(Assessments!$J:$J,Assessments!$C:$C,"Lower",Assessments!$K:$K,"Upper Primary",Assessments!$D:$D,"Grade 5 – B",Assessments!$E:$E,"Mathematics"),0),"") | F10: =IFERROR(ROUND(AVERAGEIFS(Assessments!$J:$J,Assessments!$C:$C,"Lower",Assessments!$K:$K,"Upper Primary",Assessments!$D:$D,"Grade 5 – B",Assessments!$E:$E,"Science"),0),"") | G10: =IFERROR(ROUND(AVERAGEIFS(Assessments!$J:$J,Assessments!$C:$C,"Lower",Assessments!$K:$K,"Upper Primary",Assessments!$D:$D,"Grade 5 – B",Assessments!$E:$E,"Integrated Science"),0),"") | H10: =IFERROR(ROUND(AVERAGEIFS(Assessments!$J:$J,Assessments!$C:$C,"Lower",Assessments!$K:$K,"Upper Primary",Assessments!$D:$D,"Grade 5 – B",Assessments!$E:$E,"Social Studies"),0),"") | I10: =IFERROR(ROUND(AVERAGEIFS(Assessments!$J:$J,Assessments!$C:$C,"Lower",Assessments!$K:$K,"Upper Primary",Assessments!$D:$D,"Grade 5 – B",Assessments!$E:$E,"CRE"),0),"") | J10: =IFERROR(ROUND(AVERAGEIFS(Assessments!$J:$J,Assessments!$C:$C,"Lower",Assessments!$K:$K,"Upper Primary",Assessments!$D:$D,"Grade 5 – B",Assessments!$E:$E,"Computer Studies"),0),"") | K10: =IFERROR(ROUND(AVERAGEIFS(Assessments!$J:$J,Assessments!$C:$C,"Lower",Assessments!$K:$K,"Upper Primary",Assessments!$D:$D,"Grade 5 – B"),0),"")
A11: Upper Primary | B11: Grade 6 – A | C11: =IFERROR(ROUND(AVERAGEIFS(Assessments!$J:$J,Assessments!$C:$C,"Lower",Assessments!$K:$K,"Upper Primary",Assessments!$D:$D,"Grade 6 – A",Assessments!$E:$E,"English"),0),"") | D11: =IFERROR(ROUND(AVERAGEIFS(Assessments!$J:$J,Assessments!$C:$C,"Lower",Assessments!$K:$K,"Upper Primary",Assessments!$D:$D,"Grade 6 – A",Assessments!$E:$E,"Kiswahili"),0),"") | E11: =IFERROR(ROUND(AVERAGEIFS(Assessments!$J:$J,Assessments!$C:$C,"Lower",Assessments!$K:$K,"Upper Primary",Assessments!$D:$D,"Grade 6 – A",Assessments!$E:$E,"Mathematics"),0),"") | F11: =IFERROR(ROUND(AVERAGEIFS(Assessments!$J:$J,Assessments!$C:$C,"Lower",Assessments!$K:$K,"Upper Primary",Assessments!$D:$D,"Grade 6 – A",Assessments!$E:$E,"Science"),0),"") | G11: =IFERROR(ROUND(AVERAGEIFS(Assessments!$J:$J,Assessments!$C:$C,"Lower",Assessments!$K:$K,"Upper Primary",Assessments!$D:$D,"Grade 6 – A",Assessments!$E:$E,"Integrated Science"),0),"") | H11: =IFERROR(ROUND(AVERAGEIFS(Assessments!$J:$J,Assessments!$C:$C,"Lower",Assessments!$K:$K,"Upper Primary",Assessments!$D:$D,"Grade 6 – A",Assessments!$E:$E,"Social Studies"),0),"") | I11: =IFERROR(ROUND(AVERAGEIFS(Assessments!$J:$J,Assessments!$C:$C,"Lower",Assessments!$K:$K,"Upper Primary",Assessments!$D:$D,"Grade 6 – A",Assessments!$E:$E,"CRE"),0),"") | J11: =IFERROR(ROUND(AVERAGEIFS(Assessments!$J:$J,Assessments!$C:$C,"Lower",Assessments!$K:$K,"Upper Primary",Assessments!$D:$D,"Grade 6 – A",Assessments!$E:$E,"Computer Studies"),0),"") | K11: =IFERROR(ROUND(AVERAGEIFS(Assessments!$J:$J,Assessments!$C:$C,"Lower",Assessments!$K:$K,"Upper Primary",Assessments!$D:$D,"Grade 6 – A"),0),"")
A12: Upper Primary | B12: Grade 6 – B | C12: =IFERROR(ROUND(AVERAGEIFS(Assessments!$J:$J,Assessments!$C:$C,"Lower",Assessments!$K:$K,"Upper Primary",Assessments!$D:$D,"Grade 6 – B",Assessments!$E:$E,"English"),0),"") | D12: =IFERROR(ROUND(AVERAGEIFS(Assessments!$J:$J,Assessments!$C:$C,"Lower",Assessments!$K:$K,"Upper Primary",Assessments!$D:$D,"Grade 6 – B",Assessments!$E:$E,"Kiswahili"),0),"") | E12: =IFERROR(ROUND(AVERAGEIFS(Assessments!$J:$J,Assessments!$C:$C,"Lower",Assessments!$K:$K,"Upper Primary",Assessments!$D:$D,"Grade 6 – B",Assessments!$E:$E,"Mathematics"),0),"") | F12: =IFERROR(ROUND(AVERAGEIFS(Assessments!$J:$J,Assessments!$C:$C,"Lower",Assessments!$K:$K,"Upper Primary",Assessments!$D:$D,"Grade 6 – B",Assessments!$E:$E,"Science"),0),"") | G12: =IFERROR(ROUND(AVERAGEIFS(Assessments!$J:$J,Assessments!$C:$C,"Lower",Assessments!$K:$K,"Upper Primary",Assessments!$D:$D,"Grade 6 – B",Assessments!$E:$E,"Integrated Science"),0),"") | H12: =IFERROR(ROUND(AVERAGEIFS(Assessments!$J:$J,Assessments!$C:$C,"Lower",Assessments!$K:$K,"Upper Primary",Assessments!$D:$D,"Grade 6 – B",Assessments!$E:$E,"Social Studies"),0),"") | I12: =IFERROR(ROUND(AVERAGEIFS(Assessments!$J:$J,Assessments!$C:$C,"Lower",Assessments!$K:$K,"Upper Primary",Assessments!$D:$D,"Grade 6 – B",Assessments!$E:$E,"CRE"),0),"") | J12: =IFERROR(ROUND(AVERAGEIFS(Assessments!$J:$J,Assessments!$C:$C,"Lower",Assessments!$K:$K,"Upper Primary",Assessments!$D:$D,"Grade 6 – B",Assessments!$E:$E,"Computer Studies"),0),"") | K12: =IFERROR(ROUND(AVERAGEIFS(Assessments!$J:$J,Assessments!$C:$C,"Lower",Assessments!$K:$K,"Upper Primary",Assessments!$D:$D,"Grade 6 – B"),0),"")
A13: Junior School | B13: Grade 7 – A | C13: =IFERROR(ROUND(AVERAGEIFS(Assessments!$J:$J,Assessments!$C:$C,"Lower",Assessments!$K:$K,"Junior School",Assessments!$D:$D,"Grade 7 – A",Assessments!$E:$E,"English"),0),"") | D13: =IFERROR(ROUND(AVERAGEIFS(Assessments!$J:$J,Assessments!$C:$C,"Lower",Assessments!$K:$K,"Junior School",Assessments!$D:$D,"Grade 7 – A",Assessments!$E:$E,"Kiswahili"),0),"") | E13: =IFERROR(ROUND(AVERAGEIFS(Assessments!$J:$J,Assessments!$C:$C,"Lower",Assessments!$K:$K,"Junior School",Assessments!$D:$D,"Grade 7 – A",Assessments!$E:$E,"Mathematics"),0),"") | F13: =IFERROR(ROUND(AVERAGEIFS(Assessments!$J:$J,Assessments!$C:$C,"Lower",Assessments!$K:$K,"Junior School",Assessments!$D:$D,"Grade 7 – A",Assessments!$E:$E,"Science"),0),"") | G13: =IFERROR(ROUND(AVERAGEIFS(Assessments!$J:$J,Assessments!$C:$C,"Lower",Assessments!$K:$K,"Junior School",Assessments!$D:$D,"Grade 7 – A",Assessments!$E:$E,"Integrated Science"),0),"") | H13: =IFERROR(ROUND(AVERAGEIFS(Assessments!$J:$J,Assessments!$C:$C,"Lower",Assessments!$K:$K,"Junior School",Assessments!$D:$D,"Grade 7 – A",Assessments!$E:$E,"Social Studies"),0),"") | I13: =IFERROR(ROUND(AVERAGEIFS(Assessments!$J:$J,Assessments!$C:$C,"Lower",Assessments!$K:$K,"Junior School",Assessments!$D:$D,"Grade 7 – A",Assessments!$E:$E,"CRE"),0),"") | J13: =IFERROR(ROUND(AVERAGEIFS(Assessments!$J:$J,Assessments!$C:$C,"Lower",Assessments!$K:$K,"Junior School",Assessments!$D:$D,"Grade 7 – A",Assessments!$E:$E,"Computer Studies"),0),"") | K13: =IFERROR(ROUND(AVERAGEIFS(Assessments!$J:$J,Assessments!$C:$C,"Lower",Assessments!$K:$K,"Junior School",Assessments!$D:$D,"Grade 7 – A"),0),"")
A14: Junior School | B14: Grade 7 – B | C14: =IFERROR(ROUND(AVERAGEIFS(Assessments!$J:$J,Assessments!$C:$C,"Lower",Assessments!$K:$K,"Junior School",Assessments!$D:$D,"Grade 7 – B",Assessments!$E:$E,"English"),0),"") | D14: =IFERROR(ROUND(AVERAGEIFS(Assessments!$J:$J,Assessments!$C:$C,"Lower",Assessments!$K:$K,"Junior School",Assessments!$D:$D,"Grade 7 – B",Assessments!$E:$E,"Kiswahili"),0),"") | E14: =IFERROR(ROUND(AVERAGEIFS(Assessments!$J:$J,Assessments!$C:$C,"Lower",Assessments!$K:$K,"Junior School",Assessments!$D:$D,"Grade 7 – B",Assessments!$E:$E,"Mathematics"),0),"") | F14: =IFERROR(ROUND(AVERAGEIFS(Assessments!$J:$J,Assessments!$C:$C,"Lower",Assessments!$K:$K,"Junior School",Assessments!$D:$D,"Grade 7 – B",Assessments!$E:$E,"Science"),0),"") | G14: =IFERROR(ROUND(AVERAGEIFS(Assessments!$J:$J,Assessments!$C:$C,"Lower",Assessments!$K:$K,"Junior School",Assessments!$D:$D,"Grade 7 – B",Assessments!$E:$E,"Integrated Science"),0),"") | H14: =IFERROR(ROUND(AVERAGEIFS(Assessments!$J:$J,Assessments!$C:$C,"Lower",Assessments!$K:$K,"Junior School",Assessments!$D:$D,"Grade 7 – B",Assessments!$E:$E,"Social Studies"),0),"") | I14: =IFERROR(ROUND(AVERAGEIFS(Assessments!$J:$J,Assessments!$C:$C,"Lower",Assessments!$K:$K,"Junior School",Assessments!$D:$D,"Grade 7 – B",Assessments!$E:$E,"CRE"),0),"") | J14: =IFERROR(ROUND(AVERAGEIFS(Assessments!$J:$J,Assessments!$C:$C,"Lower",Assessments!$K:$K,"Junior School",Assessments!$D:$D,"Grade 7 – B",Assessments!$E:$E,"Computer Studies"),0),"") | K14: =IFERROR(ROUND(AVERAGEIFS(Assessments!$J:$J,Assessments!$C:$C,"Lower",Assessments!$K:$K,"Junior School",Assessments!$D:$D,"Grade 7 – B"),0),"")
A15: Junior School | B15: Grade 8 – A | C15: =IFERROR(ROUND(AVERAGEIFS(Assessments!$J:$J,Assessments!$C:$C,"Lower",Assessments!$K:$K,"Junior School",Assessments!$D:$D,"Grade 8 – A",Assessments!$E:$E,"English"),0),"") | D15: =IFERROR(ROUND(AVERAGEIFS(Assessments!$J:$J,Assessments!$C:$C,"Lower",Assessments!$K:$K,"Junior School",Assessments!$D:$D,"Grade 8 – A",Assessments!$E:$E,"Kiswahili"),0),"") | E15: =IFERROR(ROUND(AVERAGEIFS(Assessments!$J:$J,Assessments!$C:$C,"Lower",Assessments!$K:$K,"Junior School",Assessments!$D:$D,"Grade 8 – A",Assessments!$E:$E,"Mathematics"),0),"") | F15: =IFERROR(ROUND(AVERAGEIFS(Assessments!$J:$J,Assessments!$C:$C,"Lower",Assessments!$K:$K,"Junior School",Assessments!$D:$D,"Grade 8 – A",Assessments!$E:$E,"Science"),0),"") | G15: =IFERROR(ROUND(AVERAGEIFS(Assessments!$J:$J,Assessments!$C:$C,"Lower",Assessments!$K:$K,"Junior School",Assessments!$D:$D,"Grade 8 – A",Assessments!$E:$E,"Integrated Science"),0),"") | H15: =IFERROR(ROUND(AVERAGEIFS(Assessments!$J:$J,Assessments!$C:$C,"Lower",Assessments!$K:$K,"Junior School",Assessments!$D:$D,"Grade 8 – A",Assessments!$E:$E,"Social Studies"),0),"") | I15: =IFERROR(ROUND(AVERAGEIFS(Assessments!$J:$J,Assessments!$C:$C,"Lower",Assessments!$K:$K,"Junior School",Assessments!$D:$D,"Grade 8 – A",Assessments!$E:$E,"CRE"),0),"") | J15: =IFERROR(ROUND(AVERAGEIFS(Assessments!$J:$J,Assessments!$C:$C,"Lower",Assessments!$K:$K,"Junior School",Assessments!$D:$D,"Grade 8 – A",Assessments!$E:$E,"Computer Studies"),0),"") | K15: =IFERROR(ROUND(AVERAGEIFS(Assessments!$J:$J,Assessments!$C:$C,"Lower",Assessments!$K:$K,"Junior School",Assessments!$D:$D,"Grade 8 – A"),0),"")
A16: Junior School | B16: Grade 8 – B | C16: =IFERROR(ROUND(AVERAGEIFS(Assessments!$J:$J,Assessments!$C:$C,"Lower",Assessments!$K:$K,"Junior School",Assessments!$D:$D,"Grade 8 – B",Assessments!$E:$E,"English"),0),"") | D16: =IFERROR(ROUND(AVERAGEIFS(Assessments!$J:$J,Assessments!$C:$C,"Lower",Assessments!$K:$K,"Junior School",Assessments!$D:$D,"Grade 8 – B",Assessments!$E:$E,"Kiswahili"),0),"") | E16: =IFERROR(ROUND(AVERAGEIFS(Assessments!$J:$J,Assessments!$C:$C,"Lower",Assessments!$K:$K,"Junior School",Assessments!$D:$D,"Grade 8 – B",Assessments!$E:$E,"Mathematics"),0),"") | F16: =IFERROR(ROUND(AVERAGEIFS(Assessments!$J:$J,Assessments!$C:$C,"Lower",Assessments!$K:$K,"Junior School",Assessments!$D:$D,"Grade 8 – B",Assessments!$E:$E,"Science"),0),"") | G16: =IFERROR(ROUND(AVERAGEIFS(Assessments!$J:$J,Assessments!$C:$C,"Lower",Assessments!$K:$K,"Junior School",Assessments!$D:$D,"Grade 8 – B",Assessments!$E:$E,"Integrated Science"),0),"") | H16: =IFERROR(ROUND(AVERAGEIFS(Assessments!$J:$J,Assessments!$C:$C,"Lower",Assessments!$K:$K,"Junior School",Assessments!$D:$D,"Grade 8 – B",Assessments!$E:$E,"Social Studies"),0),"") | I16: =IFERROR(ROUND(AVERAGEIFS(Assessments!$J:$J,Assessments!$C:$C,"Lower",Assessments!$K:$K,"Junior School",Assessments!$D:$D,"Grade 8 – B",Assessments!$E:$E,"CRE"),0),"") | J16: =IFERROR(ROUND(AVERAGEIFS(Assessments!$J:$J,Assessments!$C:$C,"Lower",Assessments!$K:$K,"Junior School",Assessments!$D:$D,"Grade 8 – B",Assessments!$E:$E,"Computer Studies"),0),"") | K16: =IFERROR(ROUND(AVERAGEIFS(Assessments!$J:$J,Assessments!$C:$C,"Lower",Assessments!$K:$K,"Junior School",Assessments!$D:$D,"Grade 8 – B"),0),"")
A17: Junior School | B17: Grade 9 – A | C17: =IFERROR(ROUND(AVERAGEIFS(Assessments!$J:$J,Assessments!$C:$C,"Lower",Assessments!$K:$K,"Junior School",Assessments!$D:$D,"Grade 9 – A",Assessments!$E:$E,"English"),0),"") | D17: =IFERROR(ROUND(AVERAGEIFS(Assessments!$J:$J,Assessments!$C:$C,"Lower",Assessments!$K:$K,"Junior School",Assessments!$D:$D,"Grade 9 – A",Assessments!$E:$E,"Kiswahili"),0),"") | E17: =IFERROR(ROUND(AVERAGEIFS(Assessments!$J:$J,Assessments!$C:$C,"Lower",Assessments!$K:$K,"Junior School",Assessments!$D:$D,"Grade 9 – A",Assessments!$E:$E,"Mathematics"),0),"") | F17: =IFERROR(ROUND(AVERAGEIFS(Assessments!$J:$J,Assessments!$C:$C,"Lower",Assessments!$K:$K,"Junior School",Assessments!$D:$D,"Grade 9 – A",Assessments!$E:$E,"Science"),0),"") | G17: =IFERROR(ROUND(AVERAGEIFS(Assessments!$J:$J,Assessments!$C:$C,"Lower",Assessments!$K:$K,"Junior School",Assessments!$D:$D,"Grade 9 – A",Assessments!$E:$E,"Integrated Science"),0),"") | H17: =IFERROR(ROUND(AVERAGEIFS(Assessments!$J:$J,Assessments!$C:$C,"Lower",Assessments!$K:$K,"Junior School",Assessments!$D:$D,"Grade 9 – A",Assessments!$E:$E,"Social Studies"),0),"") | I17: =IFERROR(ROUND(AVERAGEIFS(Assessments!$J:$J,Assessments!$C:$C,"Lower",Assessments!$K:$K,"Junior School",Assessments!$D:$D,"Grade 9 – A",Assessments!$E:$E,"CRE"),0),"") | J17: =IFERROR(ROUND(AVERAGEIFS(Assessments!$J:$J,Assessments!$C:$C,"Lower",Assessments!$K:$K,"Junior School",Assessments!$D:$D,"Grade 9 – A",Assessments!$E:$E,"Computer Studies"),0),"") | K17: =IFERROR(ROUND(AVERAGEIFS(Assessments!$J:$J,Assessments!$C:$C,"Lower",Assessments!$K:$K,"Junior School",Assessments!$D:$D,"Grade 9 – A"),0),"")
A18: Junior School | B18: Grade 9 – B | C18: =IFERROR(ROUND(AVERAGEIFS(Assessments!$J:$J,Assessments!$C:$C,"Lower",Assessments!$K:$K,"Junior School",Assessments!$D:$D,"Grade 9 – B",Assessments!$E:$E,"English"),0),"") | D18: =IFERROR(ROUND(AVERAGEIFS(Assessments!$J:$J,Assessments!$C:$C,"Lower",Assessments!$K:$K,"Junior School",Assessments!$D:$D,"Grade 9 – B",Assessments!$E:$E,"Kiswahili"),0),"") | E18: =IFERROR(ROUND(AVERAGEIFS(Assessments!$J:$J,Assessments!$C:$C,"Lower",Assessments!$K:$K,"Junior School",Assessments!$D:$D,"Grade 9 – B",Assessments!$E:$E,"Mathematics"),0),"") | F18: =IFERROR(ROUND(AVERAGEIFS(Assessments!$J:$J,Assessments!$C:$C,"Lower",Assessments!$K:$K,"Junior School",Assessments!$D:$D,"Grade 9 – B",Assessments!$E:$E,"Science"),0),"") | G18: =IFERROR(ROUND(AVERAGEIFS(Assessments!$J:$J,Assessments!$C:$C,"Lower",Assessments!$K:$K,"Junior School",Assessments!$D:$D,"Grade 9 – B",Assessments!$E:$E,"Integrated Science"),0),"") | H18: =IFERROR(ROUND(AVERAGEIFS(Assessments!$J:$J,Assessments!$C:$C,"Lower",Assessments!$K:$K,"Junior School",Assessments!$D:$D,"Grade 9 – B",Assessments!$E:$E,"Social Studies"),0),"") | I18: =IFERROR(ROUND(AVERAGEIFS(Assessments!$J:$J,Assessments!$C:$C,"Lower",Assessments!$K:$K,"Junior School",Assessments!$D:$D,"Grade 9 – B",Assessments!$E:$E,"CRE"),0),"") | J18: =IFERROR(ROUND(AVERAGEIFS(Assessments!$J:$J,Assessments!$C:$C,"Lower",Assessments!$K:$K,"Junior School",Assessments!$D:$D,"Grade 9 – B",Assessments!$E:$E,"Computer Studies"),0),"") | K18: =IFERROR(ROUND(AVERAGEIFS(Assessments!$J:$J,Assessments!$C:$C,"Lower",Assessments!$K:$K,"Junior School",Assessments!$D:$D,"Grade 9 – B"),0),"")

Sheet Students
A1: Student Name (enter once, used for dropdowns) | B1: Campus (Upper/Lower) | C1: Class

Sheet Teachers
A1: Teacher Name (enter once, used for dropdowns) | B1: Campus (Upper/Lower) [optional]

Sheet Class Reports
A1: Week Ending | B1: Campus (Upper/Lower) | C1: Class | D1: Class Teacher | E1: Total Learners | F1: Frequent Absentees (No.) | G1: Discipline Level (Excellent/Good/Fair/Poor) | H1: Homework Completion (High/Medium/Low) | I1: Learners Struggling (No.) | J1: Learners Improved (No.) | K1: Parents to Contact (No.) | L1: Classroom Condition (Good/Fair/Poor) | M1: Notes | N1: Academic Group
N2: =IF(C2="","",IFERROR(INDEX(Classes!$B$2:$B$200,MATCH(C2,Classes!$E$2:$E$200,0)),""))
N3: =IF(C3="","",IFERROR(INDEX(Classes!$B$2:$B$200,MATCH(C3,Classes!$E$2:$E$200,0)),""))
N4: =IF(C4="","",IFERROR(INDEX(Classes!$B$2:$B$200,MATCH(C4,Classes!$E$2:$E$200,0)),""))
N5: =IF(C5="","",IFERROR(INDEX(Classes!$B$2:$B$200,MATCH(C5,Classes!$E$2:$E$200,0)),""))
N6: =IF(C6="","",IFERROR(INDEX(Classes!$B$2:$B$200,MATCH(C6,Classes!$E$2:$E$200,0)),""))
N7: =IF(C7="","",IFERROR(INDEX(Classes!$B$2:$B$200,MATCH(C7,Classes!$E$2:$E$200,0)),""))
N8: =IF(C8="","",IFERROR(INDEX(Classes!$B$2:$B$200,MATCH(C8,Classes!$E$2:$E$200,0)),""))
N9: =IF(C9="","",IFERROR(INDEX(Classes!$B$2:$B$200,MATCH(C9,Classes!$E$2:$E$200,0)),""))
N10: =IF(C10="","",IFERROR(INDEX(Classes!$B$2:$B$200,MATCH(C10,Classes!$E$2:$E$200,0)),""))
N11: =IF(C11="","",IFERROR(INDEX(Classes!$B$2:$B$200,MATCH(C11,Classes!$E$2:$E$200,0)),""))
N12: =IF(C12="","",IFERROR(INDEX(Classes!$B$2:$B$200,MATCH(C12,Classes!$E$2:$E$200,0)),""))
N13: =IF(C13="","",IFERROR(INDEX(Classes!$B$2:$B$200,MATCH(C13,Classes!$E$2:$E$200,0)),""))
... N500: =IF(C500="","",IFERROR(INDEX(Classes!$B$2:$B$200,MATCH(C500,Classes!$E$2:$E$200,0)),""))

Sheet Subject Reports
A1: Week Ending | B1: Campus (Upper/Lower) | C1: Subject | D1: Teacher | E1: Class | F1: Topics Covered | G1: Syllabus Status (On Track/Slightly Behind/Behind) | H1: Strong % | I1: Average % | J1: Struggling % | K1: Homework Given (Yes/No) | L1: Test Done (Yes/No) | M1: Marking Done (Yes/No) | N1: Main Challenge | O1: Support Needed | P1: Academic Group
P2: =IF(E2="","",IFERROR(INDEX(Classes!$B$2:$B$200,MATCH(E2,Classes!$E$2:$E$200,0)),""))
P3: =IF(E3="","",IFERROR(INDEX(Classes!$B$2:$B$200,MATCH(E3,Classes!$E$2:$E$200,0)),""))
P4: =IF(E4="","",IFERROR(INDEX(Classes!$B$2:$B$200,MATCH(E4,Classes!$E$2:$E$200,0)),""))
P5: =IF(E5="","",IFERROR(INDEX(Classes!$B$2:$B$200,MATCH(E5,Classes!$E$2:$E$200,0)),""))
P6: =IF(E6="","",IFERROR(INDEX(Classes!$B$2:$B$200,MATCH(E6,Classes!$E$2:$E$200,0)),""))
P7: =IF(E7="","",IFERROR(INDEX(Classes!$B$2:$B$200,MATCH(E7,Classes!$E$2:$E$200,0)),""))
P8: =IF(E8="","",IFERROR(INDEX(Classes!$B$2:$B$200,MATCH(E8,Classes!$E$2:$E$200,0)),""))
P9: =IF(E9="","",IFERROR(INDEX(Classes!$B$2:$B$200,MATCH(E9,Classes!$E$2:$E$200,0)),""))
P10: =IF(E10="","",IFERROR(INDEX(Classes!$B$2:$B$200,MATCH(E10,Classes!$E$2:$E$200,0)),""))
P11: =IF(E11="","",IFERROR(INDEX(Classes!$B$2:$B$200,MATCH(E11,Classes!$E$2:$E$200,0)),""))
P12: =IF(E12="","",IFERROR(INDEX(Classes!$B$2:$B$200,MATCH(E12,Classes!$E$2:$E$200,0)),""))
P13: =IF(E13="","",IFERROR(INDEX(Classes!$B$2:$B$200,MATCH(E13,Classes!$E$2:$E$200,0)),""))
... P500: =IF(E500="","",IFERROR(INDEX(Classes!$B$2:$B$200,MATCH(E500,Classes!$E$2:$E$200,0)),""))

Sheet Staff Weekly
A1: Week Ending | B1: Campus (Upper/Lower) | C1: Teacher Name | D1: On Time All Week (Yes/No) | E1: Lessons Missed (No.) | F1: Books Marked (Yes/No) | G1: Schemes Updated (Yes/No) | H1: Class Control (Good/Fair/Poor) | I1: General Performance (Excellent/Good/Fair/Poor) | J1: Notes

Sheet Student Follow-Up
A1: Week Ending | B1: Campus (Upper/Lower) | C1: Student Name | D1: Class | E1: Academic Concern (Yes/No) | F1: Behavior Concern (Yes/No) | G1: Action Taken | H1: Parent Contacted (Yes/No) | I1: Progress Status (Improving/Same/Worse) | J1: Notes

Sheet Operations & Facilities
A1: Week Ending | B1: Campus (Upper/Lower) | C1: Area (Toilets/Classrooms/Desks/Kitchen/Water/Transport/Security) | D1: Status (Good/Fair/Poor) | E1: Issue Noted | F1: Action Needed | G1: Responsible Person | H1: Resolved (Yes/No) | I1: Notes

Sheet Director Dashboard
A1: Selected Week Ending (type date exactly as in sheets)
A3: Key Weekly Alerts (Selected Week)
A4: Metric | B4: Count
A5: Classes with Poor Discipline | B5: =COUNTIFS('Class Reports'!A:A,$B$1,'Class Reports'!G:G,"Poor")
A6: Classes with Low Homework | B6: =COUNTIFS('Class Reports'!A:A,$B$1,'Class Reports'!H:H,"Low")
A7: Subjects Behind Syllabus | B7: =COUNTIFS('Subject Reports'!A:A,$B$1,'Subject Reports'!G:G,"Behind")
A8: Teachers Not Marking Books | B8: =COUNTIFS('Staff Weekly'!A:A,$B$1,'Staff Weekly'!F:F,"No")
A9: Students with Academic Concerns | B9: =COUNTIFS('Student Follow-Up'!A:A,$B$1,'Student Follow-Up'!E:E,"Yes")
A10: Unresolved Facility Issues | B10: =COUNTIFS('Operations & Facilities'!A:A,$B$1,'Operations & Facilities'!H:H,"No")

Sheet Term Summary
A1: Week | B1: Week Ending Date | C1: Subjects Behind | D1: Poor Discipline Classes | E1: Low Homework Classes | F1: Teachers Not Marking | G1: Facility Areas Poor | H1: Overall Score % | I1: Overall Rating | J1: Upper Campus Score % | K1: Lower Campus Score % | M1: Targets (Max acceptable per week)
A2: Week 1 | C2: =COUNTIFS('Subject Reports'!A:A,$B2,'Subject Reports'!G:G,"Behind") | D2: =COUNTIFS('Class Reports'!A:A,$B2,'Class Reports'!G:G,"Poor") | E2: =COUNTIFS('Class Reports'!A:A,$B2,'Class Reports'!H:H,"Low") | F2: =COUNTIFS('Staff Weekly'!A:A,$B2,'Staff Weekly'!F:F,"No") | G2: =COUNTIFS('Operations & Facilities'!A:A,$B2,'Operations & Facilities'!D:D,"Poor") | H2: =ROUND(100*(((1-MIN(1,C2/$N$2))+(1-MIN(1,D2/$N$3))+(1-MIN(1,E2/$N$4))+(1-MIN(1,F2/$N$5))+(1-MIN(1,G2/$N$6)))/5),0) | I2: =IF(H2>=90,"Excellent",IF(H2>=75,"Good",IF(H2>=60,"Fair","Needs Improvement"))) | J2: =ROUND(100*(((1-MIN(1,COUNTIFS('Subject Reports'!A:A,$B2,'Subject Reports'!B:B,"Upper",'Subject Reports'!G:G,"Behind")/$N$2))+(1-MIN(1,COUNTIFS('Class Reports'!A:A,$B2,'Class Reports'!B:B,"Upper",'Class Reports'!G:G,"Poor")/$N$3))+(1-MIN(1,COUNTIFS('Class Reports'!A:A,$B2,'Class Reports'!B:B,"Upper",'Class Reports'!H:H,"Low")/$N$4))+(1-MIN(1,COUNTIFS('Staff Weekly'!A:A,$B2,'Staff Weekly'!B:B,"Upper",'Staff Weekly'!F:F,"No")/$N$5))+(1-MIN(1,COUNTIFS('Operations & Facilities'!A:A,$B2,'Operations & Facilities'!B:B,"Upper",'Operations & Facilities'!D:D,"Poor")/$N$6)))/5),0) | K2: =ROUND(100*(((1-MIN(1,COUNTIFS('Subject Reports'!A:A,$B2,'Subject Reports'!B:B,"Lower",'Subject Reports'!G:G,"Behind")/$N$2))+(1-MIN(1,COUNTIFS('Class Reports'!A:A,$B2,'Class Reports'!B:B,"Lower",'Class Reports'!G:G,"Poor")/$N$3))+(1-MIN(1,COUNTIFS('Class Reports'!A:A,$B2,'Class Reports'!B:B,"Lower",'Class Reports'!H:H,"Low")/$N$4))+(1-MIN(1,COUNTIFS('Staff Weekly'!A:A,$B2,'Staff Weekly'!B:B,"Lower",'Staff Weekly'!F:F,"No")/$N$5))+(1-MIN(1,COUNTIFS('Operations & Facilities'!A:A,$B2,'Operations & Facilities'!B:B,"Lower",'Operations & Facilities'!D:D,"Poor")/$N$6)))/5),0) | M2: Subjects Behind | N2: 3
A3: Week 2 | C3: =COUNTIFS('Subject Reports'!A:A,$B3,'Subject Reports'!G:G,"Behind") | D3: =COUNTIFS('Class Reports'!A:A,$B3,'Class Reports'!G:G,"Poor") | E3: =COUNTIFS('Class Reports'!A:A,$B3,'Class Reports'!H:H,"Low") | F3: =COUNTIFS('Staff Weekly'!A:A,$B3,'Staff Weekly'!F:F,"No") | G3: =COUNTIFS('Operations & Facilities'!A:A,$B3,'Operations & Facilities'!D:D,"Poor") | H3: =ROUND(100*(((1-MIN(1,C3/$N$2))+(1-MIN(1,D3/$N$3))+(1-MIN(1,E3/$N$4))+(1-MIN(1,F3/$N$5))+(1-MIN(1,G3/$N$6)))/5),0) | I3: =IF(H3>=90,"Excellent",IF(H3>=75,"Good",IF(H3>=60,"Fair","Needs Improvement"))) | J3: =ROUND(100*(((1-MIN(1,COUNTIFS('Subject Reports'!A:A,$B3,'Subject Reports'!B:B,"Upper",'Subject Reports'!G:G,"Behind")/$N$2))+(1-MIN(1,COUNTIFS('Class Reports'!A:A,$B3,'Class Reports'!B:B,"Upper",'Class Reports'!G:G,"Poor")/$N$3))+(1-MIN(1,COUNTIFS('Class Reports'!A:A,$B3,'Class Reports'!B:B,"Upper",'Class Reports'!H:H,"Low")/$N$4))+(1-MIN(1,COUNTIFS('Staff Weekly'!A:A,$B3,'Staff Weekly'!B:B,"Upper",'Staff Weekly'!F:F,"No")/$N$5))+(1-MIN(1,COUNTIFS('Operations & Facilities'!A:A,$B3,'Operations & Facilities'!B:B,"Upper",'Operations & Facilities'!D:D,"Poor")/$N$6)))/5),0) | K3: =ROUND(100*(((1-MIN(1,COUNTIFS('Subject Reports'!A:A,$B3,'Subject Reports'!B:B,"Lower",'Subject Reports'!G:G,"Behind")/$N$2))+(1-MIN(1,COUNTIFS('Class Reports'!A:A,$B3,'Class Reports'!B:B,"Lower",'Class Reports'!G:G,"Poor")/$N$3))+(1-MIN(1,COUNTIFS('Class Reports'!A:A,$B3,'Class Reports'!B:B,"Lower",'Class Reports'!H:H,"Low")/$N$4))+(1-MIN(1,COUNTIFS('Staff Weekly'!A:A,$B3,'Staff Weekly'!B:B,"Lower",'Staff Weekly'!F:F,"No")/$N$5))+(1-MIN(1,COUNTIFS('Operations & Facilities'!A:A,$B3,'Operations & Facilities'!B:B,"Lower",'Operations & Facilities'!D:D,"Poor")/$N$6)))/5),0) | M3: Poor Discipline | N3: 1
A4: Week 3 | C4: =COUNTIFS('Subject Reports'!A:A,$B4,'Subject Reports'!G:G,"Behind") | D4: =COUNTIFS('Class Reports'!A:A,$B4,'Class Reports'!G:G,"Poor") | E4: =COUNTIFS('Class Reports'!A:A,$B4,'Class Reports'!H:H,"Low") | F4: =COUNTIFS('Staff Weekly'!A:A,$B4,'Staff Weekly'!F:F,"No") | G4: =COUNTIFS('Operations & Facilities'!A:A,$B4,'Operations & Facilities'!D:D,"Poor") | H4: =ROUND(100*(((1-MIN(1,C4/$N$2))+(1-MIN(1,D4/$N$3))+(1-MIN(1,E4/$N$4))+(1-MIN(1,F4/$N$5))+(1-MIN(1,G4/$N$6)))/5),0) | I4: =IF(H4>=90,"Excellent",IF(H4>=75,"Good",IF(H4>=60,"Fair","Needs Improvement"))) | J4: =ROUND(100*(((1-MIN(1,COUNTIFS('Subject Reports'!A:A,$B4,'Subject Reports'!B:B,"Upper",'Subject Reports'!G:G,"Behind")/$N$2))+(1-MIN(1,COUNTIFS('Class Reports'!A:A,$B4,'Class Reports'!B:B,"Upper",'Class Reports'!G:G,"Poor")/$N$3))+(1-MIN(1,COUNTIFS('Class Reports'!A:A,$B4,'Class Reports'!B:B,"Upper",'Class Reports'!H:H,"Low")/$N$4))+(1-MIN(1,COUNTIFS('Staff Weekly'!A:A,$B4,'Staff Weekly'!B:B,"Upper",'Staff Weekly'!F:F,"No")/$N$5))+(1-MIN(1,COUNTIFS('Operations & Facilities'!A:A,$B4,'Operations & Facilities'!B:B,"Upper",'Operations & Facilities'!D:D,"Poor")/$N$6)))/5),0) | K4: =ROUND(100*(((1-MIN(1,COUNTIFS('Subject Reports'!A:A,$B4,'Subject Reports'!B:B,"Lower",'Subject Reports'!G:G,"Behind")/$N$2))+(1-MIN(1,COUNTIFS('Class Reports'!A:A,$B4,'Class Reports'!B:B,"Lower",'Class Reports'!G:G,"Poor")/$N$3))+(1-MIN(1,COUNTIFS('Class Reports'!A:A,$B4,'Class Reports'!B:B,"Lower",'Class Reports'!H:H,"Low")/$N$4))+(1-MIN(1,COUNTIFS('Staff Weekly'!A:A,$B4,'Staff Weekly'!B:B,"Lower",'Staff Weekly'!F:F,"No")/$N$5))+(1-MIN(1,COUNTIFS('Operations & Facilities'!A:A,$B4,'Operations & Facilities'!B:B,"Lower",'Operations & Facilities'!D:D,"Poor")/$N$6)))/5),0) | M4: Low Homework | N4: 2
A5: Week 4 | C5: =COUNTIFS('Subject Reports'!A:A,$B5,'Subject Reports'!G:G,"Behind") | D5: =COUNTIFS('Class Reports'!A:A,$B5,'Class Reports'!G:G,"Poor") | E5: =COUNTIFS('Class Reports'!A:A,$B5,'Class Reports'!H:H,"Low") | F5: =COUNTIFS('Staff Weekly'!A:A,$B5,'Staff Weekly'!F:F,"No") | G5: =COUNTIFS('Operations & Facilities'!A:A,$B5,'Operations & Facilities'!D:D,"Poor") | H5: =ROUND(100*(((1-MIN(1,C5/$N$2))+(1-MIN(1,D5/$N$3))+(1-MIN(1,E5/$N$4))+(1-MIN(1,F5/$N$5))+(1-MIN(1,G5/$N$6)))/5),0) | I5: =IF(H5>=90,"Excellent",IF(H5>=75,"Good",IF(H5>=60,"Fair","Needs Improvement"))) | J5: =ROUND(100*(((1-MIN(1,COUNTIFS('Subject Reports'!A:A,$B5,'Subject Reports'!B:B,"Upper",'Subject Reports'!G:G,"Behind")/$N$2))+(1-MIN(1,COUNTIFS('Class Reports'!A:A,$B5,'Class Reports'!B:B,"Upper",'Class Reports'!G:G,"Poor")/$N$3))+(1-MIN(1,COUNTIFS('Class Reports'!A:A,$B5,'Class Reports'!B:B,"Upper",'Class Reports'!H:H,"Low")/$N$4))+(1-MIN(1,COUNTIFS('Staff Weekly'!A:A,$B5,'Staff Weekly'!B:B,"Upper",'Staff Weekly'!F:F,"No")/$N$5))+(1-MIN(1,COUNTIFS('Operations & Facilities'!A:A,$B5,'Operations & Facilities'!B:B,"Upper",'Operations & Facilities'!D:D,"Poor")/$N$6)))/5),0) | K5: =ROUND(100*(((1-MIN(1,COUNTIFS('Subject Reports'!A:A,$B5,'Subject Reports'!B:B,"Lower",'Subject Reports'!G:G,"Behind")/$N$2))+(1-MIN(1,COUNTIFS('Class Reports'!A:A,$B5,'Class Reports'!B:B,"Lower",'Class Reports'!G:G,"Poor")/$N$3))+(1-MIN(1,COUNTIFS('Class Reports'!A:A,$B5,'Class Reports'!B:B,"Lower",'Class Reports'!H:H,"Low")/$N$4))+(1-MIN(1,COUNTIFS('Staff Weekly'!A:A,$B5,'Staff Weekly'!B:B,"Lower",'Staff Weekly'!F:F,"No")/$N$5))+(1-MIN(1,COUNTIFS('Operations & Facilities'!A:A,$B5,'Operations & Facilities'!B:B,"Lower",'Operations & Facilities'!D:D,"Poor")/$N$6)))/5),0) | M5: Not Marking | N5: 1
A6: Week 5 | C6: =COUNTIFS('Subject Reports'!A:A,$B6,'Subject Reports'!G:G,"Behind") | D6: =COUNTIFS('Class Reports'!A:A,$B6,'Class Reports'!G:G,"Poor") | E6: =COUNTIFS('Class Reports'!A:A,$B6,'Class Reports'!H:H,"Low") | F6: =COUNTIFS('Staff Weekly'!A:A,$B6,'Staff Weekly'!F:F,"No") | G6: =COUNTIFS('Operations & Facilities'!A:A,$B6,'Operations & Facilities'!D:D,"Poor") | H6: =ROUND(100*(((1-MIN(1,C6/$N$2))+(1-MIN(1,D6/$N$3))+(1-MIN(1,E6/$N$4))+(1-MIN(1,F6/$N$5))+(1-MIN(1,G6/$N$6)))/5),0) | I6: =IF(H6>=90,"Excellent",IF(H6>=75,"Good",IF(H6>=60,"Fair","Needs Improvement"))) | J6: =ROUND(100*(((1-MIN(1,COUNTIFS('Subject Reports'!A:A,$B6,'Subject Reports'!B:B,"Upper",'Subject Reports'!G:G,"Behind")/$N$2))+(1-MIN(1,COUNTIFS('Class Reports'!A:A,$B6,'Class Reports'!B:B,"Upper",'Class Reports'!G:G,"Poor")/$N$3))+(1-MIN(1,COUNTIFS('Class Reports'!A:A,$B6,'Class Reports'!B:B,"Upper",'Class Reports'!H:H,"Low")/$N$4))+(1-MIN(1,COUNTIFS('Staff Weekly'!A:A,$B6,'Staff Weekly'!B:B,"Upper",'Staff Weekly'!F:F,"No")/$N$5))+(1-MIN(1,COUNTIFS('Operations & Facilities'!A:A,$B6,'Operations & Facilities'!B:B,"Upper",'Operations & Facilities'!D:D,"Poor")/$N$6)))/5),0) | K6: =ROUND(100*(((1-MIN(1,COUNTIFS('Subject Reports'!A:A,$B6,'Subject Reports'!B:B,"Lower",'Subject Reports'!G:G,"Behind")/$N$2))+(1-MIN(1,COUNTIFS('Class Reports'!A:A,$B6,'Class Reports'!B:B,"Lower",'Class Reports'!G:G,"Poor")/$N$3))+(1-MIN(1,COUNTIFS('Class Reports'!A:A,$B6,'Class Reports'!B:B,"Lower",'Class Reports'!H:H,"Low")/$N$4))+(1-MIN(1,COUNTIFS('Staff Weekly'!A:A,$B6,'Staff Weekly'!B:B,"Lower",'Staff Weekly'!F:F,"No")/$N$5))+(1-MIN(1,COUNTIFS('Operations & Facilities'!A:A,$B6,'Operations & Facilities'!B:B,"Lower",'Operations & Facilities'!D:D,"Poor")/$N$6)))/5),0) | M6: Facility Poor | N6: 1
A7: Week 6 | C7: =COUNTIFS('Subject Reports'!A:A,$B7,'Subject Reports'!G:G,"Behind") | D7: =COUNTIFS('Class Reports'!A:A,$B7,'Class Reports'!G:G,"Poor") | E7: =COUNTIFS('Class Reports'!A:A,$B7,'Class Reports'!H:H,"Low") | F7: =COUNTIFS('Staff Weekly'!A:A,$B7,'Staff Weekly'!F:F,"No") | G7: =COUNTIFS('Operations & Facilities'!A:A,$B7,'Operations & Facilities'!D:D,"Poor") | H7: =ROUND(100*(((1-MIN(1,C7/$N$2))+(1-MIN(1,D7/$N$3))+(1-MIN(1,E7/$N$4))+(1-MIN(1,F7/$N$5))+(1-MIN(1,G7/$N$6)))/5),0) | I7: =IF(H7>=90,"Excellent",IF(H7>=75,"Good",IF(H7>=60,"Fair","Needs Improvement"))) | J7: =ROUND(100*(((1-MIN(1,COUNTIFS('Subject Reports'!A:A,$B7,'Subject Reports'!B:B,"Upper",'Subject Reports'!G:G,"Behind")/$N$2))+(1-MIN(1,COUNTIFS('Class Reports'!A:A,$B7,'Class Reports'!B:B,"Upper",'Class Reports'!G:G,"Poor")/$N$3))+(1-MIN(1,COUNTIFS('Class Reports'!A:A,$B7,'Class Reports'!B:B,"Upper",'Class Reports'!H:H,"Low")/$N$4))+(1-MIN(1,COUNTIFS('Staff Weekly'!A:A,$B7,'Staff Weekly'!B:B,"Upper",'Staff Weekly'!F:F,"No")/$N$5))+(1-MIN(1,COUNTIFS('Operations & Facilities'!A:A,$B7,'Operations & Facilities'!B:B,"Upper",'Operations & Facilities'!D:D,"Poor")/$N$6)))/5),0) | K7: =ROUND(100*(((1-MIN(1,COUNTIFS('Subject Reports'!A:A,$B7,'Subject Reports'!B:B,"Lower",'Subject Reports'!G:G,"Behind")/$N$2))+(1-MIN(1,COUNTIFS('Class Reports'!A:A,$B7,'Class Reports'!B:B,"Lower",'Class Reports'!G:G,"Poor")/$N$3))+(1-MIN(1,COUNTIFS('Class Reports'!A:A,$B7,'Class Reports'!B:B,"Lower",'Class Reports'!H:H,"Low")/$N$4))+(1-MIN(1,COUNTIFS('Staff Weekly'!A:A,$B7,'Staff Weekly'!B:B,"Lower",'Staff Weekly'!F:F,"No")/$N$5))+(1-MIN(1,COUNTIFS('Operations & Facilities'!A:A,$B7,'Operations & Facilities'!B:B,"Lower",'Operations & Facilities'!D:D,"Poor")/$N$6)))/5),0)
A8: Week 7 | C8: =COUNTIFS('Subject Reports'!A:A,$B8,'Subject Reports'!G:G,"Behind") | D8: =COUNTIFS('Class Reports'!A:A,$B8,'Class Reports'!G:G,"Poor") | E8: =COUNTIFS('Class Reports'!A:A,$B8,'Class Reports'!H:H,"Low") | F8: =COUNTIFS('Staff Weekly'!A:A,$B8,'Staff Weekly'!F:F,"No") | G8: =COUNTIFS('Operations & Facilities'!A:A,$B8,'Operations & Facilities'!D:D,"Poor") | H8: =ROUND(100*(((1-MIN(1,C8/$N$2))+(1-MIN(1,D8/$N$3))+(1-MIN(1,E8/$N$4))+(1-MIN(1,F8/$N$5))+(1-MIN(1,G8/$N$6)))/5),0) | I8: =IF(H8>=90,"Excellent",IF(H8>=75,"Good",IF(H8>=60,"Fair","Needs Improvement"))) | J8: =ROUND(100*(((1-MIN(1,COUNTIFS('Subject Reports'!A:A,$B8,'Subject Reports'!B:B,"Upper",'Subject Reports'!G:G,"Behind")/$N$2))+(1-MIN(1,COUNTIFS('Class Reports'!A:A,$B8,'Class Reports'!B:B,"Upper",'Class Reports'!G:G,"Poor")/$N$3))+(1-MIN(1,COUNTIFS('Class Reports'!A:A,$B8,'Class Reports'!B:B,"Upper",'Class Reports'!H:H,"Low")/$N$4))+(1-MIN(1,COUNTIFS('Staff Weekly'!A:A,$B8,'Staff Weekly'!B:B,"Upper",'Staff Weekly'!F:F,"No")/$N$5))+(1-MIN(1,COUNTIFS('Operations & Facilities'!A:A,$B8,'Operations & Facilities'!B:B,"Upper",'Operations & Facilities'!D:D,"Poor")/$N$6)))/5),0) | K8: =ROUND(100*(((1-MIN(1,COUNTIFS('Subject Reports'!A:A,$B8,'Subject Reports'!B:B,"Lower",'Subject Reports'!G:G,"Behind")/$N$2))+(1-MIN(1,COUNTIFS('Class Reports'!A:A,$B8,'Class Reports'!B:B,"Lower",'Class Reports'!G:G,"Poor")/$N$3))+(1-MIN(1,COUNTIFS('Class Reports'!A:A,$B8,'Class Reports'!B:B,"Lower",'Class Reports'!H:H,"Low")/$N$4))+(1-MIN(1,COUNTIFS('Staff Weekly'!A:A,$B8,'Staff Weekly'!B:B,"Lower",'Staff Weekly'!F:F,"No")/$N$5))+(1-MIN(1,COUNTIFS('Operations & Facilities'!A:A,$B8,'Operations & Facilities'!B:B,"Lower",'Operations & Facilities'!D:D,"Poor")/$N$6)))/5),0)
A9: Week 8 | C9: =COUNTIFS('Subject Reports'!A:A,$B9,'Subject Reports'!G:G,"Behind") | D9: =COUNTIFS('Class Reports'!A:A,$B9,'Class Reports'!G:G,"Poor") | E9: =COUNTIFS('Class Reports'!A:A,$B9,'Class Reports'!H:H,"Low") | F9: =COUNTIFS('Staff Weekly'!A:A,$B9,'Staff Weekly'!F:F,"No") | G9: =COUNTIFS('Operations & Facilities'!A:A,$B9,'Operations & Facilities'!D:D,"Poor") | H9: =ROUND(100*(((1-MIN(1,C9/$N$2))+(1-MIN(1,D9/$N$3))+(1-MIN(1,E9/$N$4))+(1-MIN(1,F9/$N$5))+(1-MIN(1,G9/$N$6)))/5),0) | I9: =IF(H9>=90,"Excellent",IF(H9>=75,"Good",IF(H9>=60,"Fair","Needs Improvement"))) | J9: =ROUND(100*(((1-MIN(1,COUNTIFS('Subject Reports'!A:A,$B9,'Subject Reports'!B:B,"Upper",'Subject Reports'!G:G,"Behind")/$N$2))+(1-MIN(1,COUNTIFS('Class Reports'!A:A,$B9,'Class Reports'!B:B,"Upper",'Class Reports'!G:G,"Poor")/$N$3))+(1-MIN(1,COUNTIFS('Class Reports'!A:A,$B9,'Class Reports'!B:B,"Upper",'Class Reports'!H:H,"Low")/$N$4))+(1-MIN(1,COUNTIFS('Staff Weekly'!A:A,$B9,'Staff Weekly'!B:B,"Upper",'Staff Weekly'!F:F,"No")/$N$5))+(1-MIN(1,COUNTIFS('Operations & Facilities'!A:A,$B9,'Operations & Facilities'!B:B,"Upper",'Operations & Facilities'!D:D,"Poor")/$N$6)))/5),0) | K9: =ROUND(100*(((1-MIN(1,COUNTIFS('Subject Reports'!A:A,$B9,'Subject Reports'!B:B,"Lower",'Subject Reports'!G:G,"Behind")/$N$2))+(1-MIN(1,COUNTIFS('Class Reports'!A:A,$B9,'Class Reports'!B:B,"Lower",'Class Reports'!G:G,"Poor")/$N$3))+(1-MIN(1,COUNTIFS('Class Reports'!A:A,$B9,'Class Reports'!B:B,"Lower",'Class Reports'!H:H,"Low")/$N$4))+(1-MIN(1,COUNTIFS('Staff Weekly'!A:A,$B9,'Staff Weekly'!B:B,"Lower",'Staff Weekly'!F:F,"No")/$N$5))+(1-MIN(1,COUNTIFS('Operations & Facilities'!A:A,$B9,'Operations & Facilities'!B:B,"Lower",'Operations & Facilities'!D:D,"Poor")/$N$6)))/5),0)
A10: Week 9 | C10: =COUNTIFS('Subject Reports'!A:A,$B10,'Subject Reports'!G:G,"Behind") | D10: =COUNTIFS('Class Reports'!A:A,$B10,'Class Reports'!G:G,"Poor") | E10: =COUNTIFS('Class Reports'!A:A,$B10,'Class Reports'!H:H,"Low") | F10: =COUNTIFS('Staff Weekly'!A:A,$B10,'Staff Weekly'!F:F,"No") | G10: =COUNTIFS('Operations & Facilities'!A:A,$B10,'Operations & Facilities'!D:D,"Poor") | H10: =ROUND(100*(((1-MIN(1,C10/$N$2))+(1-MIN(1,D10/$N$3))+(1-MIN(1,E10/$N$4))+(1-MIN(1,F10/$N$5))+(1-MIN(1,G10/$N$6)))/5),0) | I10: =IF(H10>=90,"Excellent",IF(H10>=75,"Good",IF(H10>=60,"Fair","Needs Improvement"))) | J10: =ROUND(100*(((1-MIN(1,COUNTIFS('Subject Reports'!A:A,$B10,'Subject Reports'!B:B,"Upper",'Subject Reports'!G:G,"Behind")/$N$2))+(1-MIN(1,COUNTIFS('Class Reports'!A:A,$B10,'Class Reports'!B:B,"Upper",'Class Reports'!G:G,"Poor")/$N$3))+(1-MIN(1,COUNTIFS('Class Reports'!A:A,$B10,'Class Reports'!B:B,"Upper",'Class Reports'!H:H,"Low")/$N$4))+(1-MIN(1,COUNTIFS('Staff Weekly'!A:A,$B10,'Staff Weekly'!B:B,"Upper",'Staff Weekly'!F:F,"No")/$N$5))+(1-MIN(1,COUNTIFS('Operations & Facilities'!A:A,$B10,'Operations & Facilities'!B:B,"Upper",'Operations & Facilities'!D:D,"Poor")/$N$6)))/5),0) | K10: =ROUND(100*(((1-MIN(1,COUNTIFS('Subject Reports'!A:A,$B10,'Subject Reports'!B:B,"Lower",'Subject Reports'!G:G,"Behind")/$N$2))+(1-MIN(1,COUNTIFS('Class Reports'!A:A,$B10,'Class Reports'!B:B,"Lower",'Class Reports'!G:G,"Poor")/$N$3))+(1-MIN(1,COUNTIFS('Class Reports'!A:A,$B10,'Class Reports'!B:B,"Lower",'Class Reports'!H:H,"Low")/$N$4))+(1-MIN(1,COUNTIFS('Staff Weekly'!A:A,$B10,'Staff Weekly'!B:B,"Lower",'Staff Weekly'!F:F,"No")/$N$5))+(1-MIN(1,COUNTIFS('Operations & Facilities'!A:A,$B10,'Operations & Facilities'!B:B,"Lower",'Operations & Facilities'!D:D,"Poor")/$N$6)))/5),0)
A11: Week 10 | C11: =COUNTIFS('Subject Reports'!A:A,$B11,'Subject Reports'!G:G,"Behind") | D11: =COUNTIFS('Class Reports'!A:A,$B11,'Class Reports'!G:G,"Poor") | E11: =COUNTIFS('Class Reports'!A:A,$B11,'Class Reports'!H:H,"Low") | F11: =COUNTIFS('Staff Weekly'!A:A,$B11,'Staff Weekly'!F:F,"No") | G11: =COUNTIFS('Operations & Facilities'!A:A,$B11,'Operations & Facilities'!D:D,"Poor") | H11: =ROUND(100*(((1-MIN(1,C11/$N$2))+(1-MIN(1,D11/$N$3))+(1-MIN(1,E11/$N$4))+(1-MIN(1,F11/$N$5))+(1-MIN(1,G11/$N$6)))/5),0) | I11: =IF(H11>=90,"Excellent",IF(H11>=75,"Good",IF(H11>=60,"Fair","Needs Improvement"))) | J11: =ROUND(100*(((1-MIN(1,COUNTIFS('Subject Reports'!A:A,$B11,'Subject Reports'!B:B,"Upper",'Subject Reports'!G:G,"Behind")/$N$2))+(1-MIN(1,COUNTIFS('Class Reports'!A:A,$B11,'Class Reports'!B:B,"Upper",'Class Reports'!G:G,"Poor")/$N$3))+(1-MIN(1,COUNTIFS('Class Reports'!A:A,$B11,'Class Reports'!B:B,"Upper",'Class Reports'!H:H,"Low")/$N$4))+(1-MIN(1,COUNTIFS('Staff Weekly'!A:A,$B11,'Staff Weekly'!B:B,"Upper",'Staff Weekly'!F:F,"No")/$N$5))+(1-MIN(1,COUNTIFS('Operations & Facilities'!A:A,$B11,'Operations & Facilities'!B:B,"Upper",'Operations & Facilities'!D:D,"Poor")/$N$6)))/5),0) | K11: =ROUND(100*(((1-MIN(1,COUNTIFS('Subject Reports'!A:A,$B11,'Subject Reports'!B:B,"Lower",'Subject Reports'!G:G,"Behind")/$N$2))+(1-MIN(1,COUNTIFS('Class Reports'!A:A,$B11,'Class Reports'!B:B,"Lower",'Class Reports'!G:G,"Poor")/$N$3))+(1-MIN(1,COUNTIFS('Class Reports'!A:A,$B11,'Class Reports'!B:B,"Lower",'Class Reports'!H:H,"Low")/$N$4))+(1-MIN(1,COUNTIFS('Staff Weekly'!A:A,$B11,'Staff Weekly'!B:B,"Lower",'Staff Weekly'!F:F,"No")/$N$5))+(1-MIN(1,COUNTIFS('Operations & Facilities'!A:A,$B11,'Operations & Facilities'!B:B,"Lower",'Operations & Facilities'!D:D,"Poor")/$N$6)))/5),0)
A12: Week 11 | C12: =COUNTIFS('Subject Reports'!A:A,$B12,'Subject Reports'!G:G,"Behind") | D12: =COUNTIFS('Class Reports'!A:A,$B12,'Class Reports'!G:G,"Poor") | E12: =COUNTIFS('Class Reports'!A:A,$B12,'Class Reports'!H:H,"Low") | F12: =COUNTIFS('Staff Weekly'!A:A,$B12,'Staff Weekly'!F:F,"No") | G12: =COUNTIFS('Operations & Facilities'!A:A,$B12,'Operations & Facilities'!D:D,"Poor") | H12: =ROUND(100*(((1-MIN(1,C12/$N$2))+(1-MIN(1,D12/$N$3))+(1-MIN(1,E12/$N$4))+(1-MIN(1,F12/$N$5))+(1-MIN(1,G12/$N$6)))/5),0) | I12: =IF(H12>=90,"Excellent",IF(H12>=75,"Good",IF(H12>=60,"Fair","Needs Improvement"))) | J12: =ROUND(100*(((1-MIN(1,COUNTIFS('Subject Reports'!A:A,$B12,'Subject Reports'!B:B,"Upper",'Subject Reports'!G:G,"Behind")/$N$2))+(1-MIN(1,COUNTIFS('Class Reports'!A:A,$B12,'Class Reports'!B:B,"Upper",'Class Reports'!G:G,"Poor")/$N$3))+(1-MIN(1,COUNTIFS('Class Reports'!A:A,$B12,'Class Reports'!B:B,"Upper",'Class Reports'!H:H,"Low")/$N$4))+(1-MIN(1,COUNTIFS('Staff Weekly'!A:A,$B12,'Staff Weekly'!B:B,"Upper",'Staff Weekly'!F:F,"No")/$N$5))+(1-MIN(1,COUNTIFS('Operations & Facilities'!A:A,$B12,'Operations & Facilities'!B:B,"Upper",'Operations & Facilities'!D:D,"Poor")/$N$6)))/5),0) | K12: =ROUND(100*(((1-MIN(1,COUNTIFS('Subject Reports'!A:A,$B12,'Subject Reports'!B:B,"Lower",'Subject Reports'!G:G,"Behind")/$N$2))+(1-MIN(1,COUNTIFS('Class Reports'!A:A,$B12,'Class Reports'!B:B,"Lower",'Class Reports'!G:G,"Poor")/$N$3))+(1-MIN(1,COUNTIFS('Class Reports'!A:A,$B12,'Class Reports'!B:B,"Lower",'Class Reports'!H:H,"Low")/$N$4))+(1-MIN(1,COUNTIFS('Staff Weekly'!A:A,$B12,'Staff Weekly'!B:B,"Lower",'Staff Weekly'!F:F,"No")/$N$5))+(1-MIN(1,COUNTIFS('Operations & Facilities'!A:A,$B12,'Operations & Facilities'!B:B,"Lower",'Operations & Facilities'!D:D,"Poor")/$N$6)))/5),0)
A13: Week 12 | C13: =COUNTIFS('Subject Reports'!A:A,$B13,'Subject Reports'!G:G,"Behind") | D13: =COUNTIFS('Class Reports'!A:A,$B13,'Class Reports'!G:G,"Poor") | E13: =COUNTIFS('Class Reports'!A:A,$B13,'Class Reports'!H:H,"Low") | F13: =COUNTIFS('Staff Weekly'!A:A,$B13,'Staff Weekly'!F:F,"No") | G13: =COUNTIFS('Operations & Facilities'!A:A,$B13,'Operations & Facilities'!D:D,"Poor") | H13: =ROUND(100*(((1-MIN(1,C13/$N$2))+(1-MIN(1,D13/$N$3))+(1-MIN(1,E13/$N$4))+(1-MIN(1,F13/$N$5))+(1-MIN(1,G13/$N$6)))/5),0) | I13: =IF(H13>=90,"Excellent",IF(H13>=75,"Good",IF(H13>=60,"Fair","Needs Improvement"))) | J13: =ROUND(100*(((1-MIN(1,COUNTIFS('Subject Reports'!A:A,$B13,'Subject Reports'!B:B,"Upper",'Subject Reports'!G:G,"Behind")/$N$2))+(1-MIN(1,COUNTIFS('Class Reports'!A:A,$B13,'Class Reports'!B:B,"Upper",'Class Reports'!G:G,"Poor")/$N$3))+(1-MIN(1,COUNTIFS('Class Reports'!A:A,$B13,'Class Reports'!B:B,"Upper",'Class Reports'!H:H,"Low")/$N$4))+(1-MIN(1,COUNTIFS('Staff Weekly'!A:A,$B13,'Staff Weekly'!B:B,"Upper",'Staff Weekly'!F:F,"No")/$N$5))+(1-MIN(1,COUNTIFS('Operations & Facilities'!A:A,$B13,'Operations & Facilities'!B:B,"Upper",'Operations & Facilities'!D:D,"Poor")/$N$6)))/5),0) | K13: =ROUND(100*(((1-MIN(1,COUNTIFS('Subject Reports'!A:A,$B13,'Subject Reports'!B:B,"Lower",'Subject Reports'!G:G,"Behind")/$N$2))+(1-MIN(1,COUNTIFS('Class Reports'!A:A,$B13,'Class Reports'!B:B,"Lower",'Class Reports'!G:G,"Poor")/$N$3))+(1-MIN(1,COUNTIFS('Class Reports'!A:A,$B13,'Class Reports'!B:B,"Lower",'Class Reports'!H:H,"Low")/$N$4))+(1-MIN(1,COUNTIFS('Staff Weekly'!A:A,$B13,'Staff Weekly'!B:B,"Lower",'Staff Weekly'!F:F,"No")/$N$5))+(1-MIN(1,COUNTIFS('Operations & Facilities'!A:A,$B13,'Operations & Facilities'!B:B,"Lower",'Operations & Facilities'!D:D,"Poor")/$N$6)))/5),0)
A14: Week 13 | C14: =COUNTIFS('Subject Reports'!A:A,$B14,'Subject Reports'!G:G,"Behind") | D14: =COUNTIFS('Class Reports'!A:A,$B14,'Class Reports'!G:G,"Poor") | E14: =COUNTIFS('Class Reports'!A:A,$B14,'Class Reports'!H:H,"Low") | F14: =COUNTIFS('Staff Weekly'!A:A,$B14,'Staff Weekly'!F:F,"No") | G14: =COUNTIFS('Operations & Facilities'!A:A,$B14,'Operations & Facilities'!D:D,"Poor") | H14: =ROUND(100*(((1-MIN(1,C14/$N$2))+(1-MIN(1,D14/$N$3))+(1-MIN(1,E14/$N$4))+(1-MIN(1,F14/$N$5))+(1-MIN(1,G14/$N$6)))/5),0) | I14: =IF(H14>=90,"Excellent",IF(H14>=75,"Good",IF(H14>=60,"Fair","Needs Improvement"))) | J14: =ROUND(100*(((1-MIN(1,COUNTIFS('Subject Reports'!A:A,$B14,'Subject Reports'!B:B,"Upper",'Subject Reports'!G:G,"Behind")/$N$2))+(1-MIN(1,COUNTIFS('Class Reports'!A:A,$B14,'Class Reports'!B:B,"Upper",'Class Reports'!G:G,"Poor")/$N$3))+(1-MIN(1,COUNTIFS('Class Reports'!A:A,$B14,'Class Reports'!B:B,"Upper",'Class Reports'!H:H,"Low")/$N$4))+(1-MIN(1,COUNTIFS('Staff Weekly'!A:A,$B14,'Staff Weekly'!B:B,"Upper",'Staff Weekly'!F:F,"No")/$N$5))+(1-MIN(1,COUNTIFS('Operations & Facilities'!A:A,$B14,'Operations & Facilities'!B:B,"Upper",'Operations & Facilities'!D:D,"Poor")/$N$6)))/5),0) | K14: =ROUND(100*(((1-MIN(1,COUNTIFS('Subject Reports'!A:A,$B14,'Subject Reports'!B:B,"Lower",'Subject Reports'!G:G,"Behind")/$N$2))+(1-MIN(1,COUNTIFS('Class Reports'!A:A,$B14,'Class Reports'!B:B,"Lower",'Class Reports'!G:G,"Poor")/$N$3))+(1-MIN(1,COUNTIFS('Class Reports'!A:A,$B14,'Class Reports'!B:B,"Lower",'Class Reports'!H:H,"Low")/$N$4))+(1-MIN(1,COUNTIFS('Staff Weekly'!A:A,$B14,'Staff Weekly'!B:B,"Lower",'Staff Weekly'!F:F,"No")/$N$5))+(1-MIN(1,COUNTIFS('Operations & Facilities'!A:A,$B14,'Operations & Facilities'!B:B,"Lower",'Operations & Facilities'!D:D,"Poor")/$N$6)))/5),0)
A15: Week 14 | C15: =COUNTIFS('Subject Reports'!A:A,$B15,'Subject Reports'!G:G,"Behind") | D15: =COUNTIFS('Class Reports'!A:A,$B15,'Class Reports'!G:G,"Poor") | E15: =COUNTIFS('Class Reports'!A:A,$B15,'Class Reports'!H:H,"Low") | F15: =COUNTIFS('Staff Weekly'!A:A,$B15,'Staff Weekly'!F:F,"No") | G15: =COUNTIFS('Operations & Facilities'!A:A,$B15,'Operations & Facilities'!D:D,"Poor") | H15: =ROUND(100*(((1-MIN(1,C15/$N$2))+(1-MIN(1,D15/$N$3))+(1-MIN(1,E15/$N$4))+(1-MIN(1,F15/$N$5))+(1-MIN(1,G15/$N$6)))/5),0) | I15: =IF(H15>=90,"Excellent",IF(H15>=75,"Good",IF(H15>=60,"Fair","Needs Improvement"))) | J15: =ROUND(100*(((1-MIN(1,COUNTIFS('Subject Reports'!A:A,$B15,'Subject Reports'!B:B,"Upper",'Subject Reports'!G:G,"Behind")/$N$2))+(1-MIN(1,COUNTIFS('Class Reports'!A:A,$B15,'Class Reports'!B:B,"Upper",'Class Reports'!G:G,"Poor")/$N$3))+(1-MIN(1,COUNTIFS('Class Reports'!A:A,$B15,'Class Reports'!B:B,"Upper",'Class Reports'!H:H,"Low")/$N$4))+(1-MIN(1,COUNTIFS('Staff Weekly'!A:A,$B15,'Staff Weekly'!B:B,"Upper",'Staff Weekly'!F:F,"No")/$N$5))+(1-MIN(1,COUNTIFS('Operations & Facilities'!A:A,$B15,'Operations & Facilities'!B:B,"Upper",'Operations & Facilities'!D:D,"Poor")/$N$6)))/5),0) | K15: =ROUND(100*(((1-MIN(1,COUNTIFS('Subject Reports'!A:A,$B15,'Subject Reports'!B:B,"Lower",'Subject Reports'!G:G,"Behind")/$N$2))+(1-MIN(1,COUNTIFS('Class Reports'!A:A,$B15,'Class Reports'!B:B,"Lower",'Class Reports'!G:G,"Poor")/$N$3))+(1-MIN(1,COUNTIFS('Class Reports'!A:A,$B15,'Class Reports'!B:B,"Lower",'Class Reports'!H:H,"Low")/$N$4))+(1-MIN(1,COUNTIFS('Staff Weekly'!A:A,$B15,'Staff Weekly'!B:B,"Lower",'Staff Weekly'!F:F,"No")/$N$5))+(1-MIN(1,COUNTIFS('Operations & Facilities'!A:A,$B15,'Operations & Facilities'!B:B,"Lower",'Operations & Facilities'!D:D,"Poor")/$N$6)))/5),0)

Sheet Term Performance Report
A1: ROYAL KINGS PREMIER SCHOOL
A2: TERM PERFORMANCE REPORT (WEEK 1 – WEEK 14)
A4: OVERALL PERFORMANCE SUMMARY
A5: Indicator | B5: Start (Week 1) | C5: End (Week 14) | D5: Trend
A6: Overall School Score % | B6: =INDEX('Term Summary'!H:H,2) | C6: =INDEX('Term Summary'!H:H,15) | D6: =IF(C6>B6,"⬆ Improving",IF(C6<B6,"⬇ Declining","➖ Stable"))
A7: Upper Campus Score % | B7: =INDEX('Term Summary'!J:J,2) | C7: =INDEX('Term Summary'!J:J,15) | D7: =IF(C7>B7,"⬆ Improving",IF(C7<B7,"⬇ Declining","➖ Stable"))
A8: Lower Campus Score % | B8: =INDEX('Term Summary'!K:K,2) | C8: =INDEX('Term Summary'!K:K,15) | D8: =IF(C8>B8,"⬆ Improving",IF(C8<B8,"⬇ Declining","➖ Stable"))
A10: ACADEMIC PERFORMANCE (KEY RISKS)
A11: Indicator | B11: Start (Week 1) | C11: End (Week 14) | D11: Trend
A12: Subjects Behind Syllabus (count) | B12: =INDEX('Term Summary'!C:C,2) | C12: =INDEX('Term Summary'!C:C,15) | D12: =IF(C12<B12,"⬆ Improving",IF(C12>B12,"⬇ Worsening","➖ Stable"))
A13: Low Homework Classes (count) | B13: =INDEX('Term Summary'!E:E,2) | C13: =INDEX('Term Summary'!E:E,15) | D13: =IF(C13<B13,"⬆ Improving",IF(C13>B13,"⬇ Worsening","➖ Stable"))
A15: DISCIPLINE & STUDENT WELFARE (KEY RISKS)
A16: Indicator | B16: Start (Week 1) | C16: End (Week 14) | D16: Trend
A17: Poor Discipline Classes (count) | B17: =INDEX('Term Summary'!D:D,2) | C17: =INDEX('Term Summary'!D:D,15) | D17: =IF(C17<B17,"⬆ Improving",IF(C17>B17,"⬇ Worsening","➖ Stable"))
A19: TEACHER PERFORMANCE (KEY RISKS)
A20: Indicator | B20: Start (Week 1) | C20: End (Week 14) | D20: Trend
A21: Teachers Not Marking (count) | B21: =INDEX('Term Summary'!F:F,2) | C21: =INDEX('Term Summary'!F:F,15) | D21: =IF(C21<B21,"⬆ Improving",IF(C21>B21,"⬇ Worsening","➖ Stable"))
A23: FACILITIES & OPERATIONS (KEY RISKS)
A24: Indicator | B24: Start (Week 1) | C24: End (Week 14) | D24: Trend
A25: Facility Areas Poor (count) | B25: =INDEX('Term Summary'!G:G,2) | C25: =INDEX('Term Summary'!G:G,15) | D25: =IF(C25<B25,"⬆ Improving",IF(C25>B25,"⬇ Worsening","➖ Stable"))

Sheet Term Snapshot
A1: ROYAL KINGS PREMIER SCHOOL
A2: TERM PERFORMANCE SNAPSHOT (ONE PAGE)
A4: Metric | B4: Start (Week 1) | C4: End (Week 14) | D4: Trend
A5: Overall Score % | B5: =INDEX('Term Summary'!H:H,2) | C5: =INDEX('Term Summary'!H:H,15) | D5: =IF(C5>B5,"⬆ Improving",IF(C5<B5,"⬇ Declining","➖ Stable"))
A6: Upper Campus Score % | B6: =INDEX('Term Summary'!J:J,2) | C6: =INDEX('Term Summary'!J:J,15) | D6: =IF(C6>B6,"⬆ Improving",IF(C6<B6,"⬇ Declining","➖ Stable"))
A7: Lower Campus Score % | B7: =INDEX('Term Summary'!K:K,2) | C7: =INDEX('Term Summary'!K:K,15) | D7: =IF(C7>B7,"⬆ Improving",IF(C7<B7,"⬇ Declining","➖ Stable"))
A8: Subjects Behind (count) | B8: =INDEX('Term Summary'!C:C,2) | C8: =INDEX('Term Summary'!C:C,15) | D8: =IF(C8<B8,"⬆ Improving",IF(C8>B8,"⬇ Worsening","➖ Stable"))
A9: Poor Discipline (count) | B9: =INDEX('Term Summary'!D:D,2) | C9: =INDEX('Term Summary'!D:D,15) | D9: =IF(C9<B9,"⬆ Improving",IF(C9>B9,"⬇ Worsening","➖ Stable"))
A10: Low Homework (count) | B10: =INDEX('Term Summary'!E:E,2) | C10: =INDEX('Term Summary'!E:E,15) | D10: =IF(C10<B10,"⬆ Improving",IF(C10>B10,"⬇ Worsening","➖ Stable"))
A11: Not Marking (count) | B11: =INDEX('Term Summary'!F:F,2) | C11: =INDEX('Term Summary'!F:F,15) | D11: =IF(C11<B11,"⬆ Improving",IF(C11>B11,"⬇ Worsening","➖ Stable"))
A12: Facility Poor (count) | B12: =INDEX('Term Summary'!G:G,2) | C12: =INDEX('Term Summary'!G:G,15) | D12: =IF(C12<B12,"⬆ Improving",IF(C12>B12,"⬇ Worsening","➖ Stable"))
A14: Summary Comment:

Sheet Teacher Rankings
A1: Week Ending | B1: Teacher Name | C1: Campus (Upper/Lower) | D1: Marking Score (20) | E1: Schemes Score (20) | F1: Punctuality Score (20) | G1: Class Management Score (20) | H1: Syllabus Progress Score (20) | I1: Total Score (100) | J1: Rank | K1: Performance Level | L1: Notes / Action
D2: =IF(COUNTIFS('Staff Weekly'!A:A,$A2,'Staff Weekly'!C:C,$B2,'Staff Weekly'!F:F,"Yes")>0,20,0) | E2: =IF(COUNTIFS('Staff Weekly'!A:A,$A2,'Staff Weekly'!C:C,$B2,'Staff Weekly'!G:G,"Yes")>0,20,0) | F2: =IF(COUNTIFS('Staff Weekly'!A:A,$A2,'Staff Weekly'!C:C,$B2,'Staff Weekly'!D:D,"Yes")>0,20,0) | G2: =IF($B2="","",IF(COUNTIFS('Class Reports'!A:A,$A2,'Class Reports'!D:D,$B2,'Class Reports'!G:G,"Poor") + COUNTIFS('Class Reports'!A:A,$A2,'Class Reports'!D:D,$B2,'Class Reports'!H:H,"Low")=0,20,10)) | H2: =IF($B2="","",IF(COUNTIFS('Subject Reports'!A:A,$A2,'Subject Reports'!D:D,$B2,'Subject Reports'!G:G,"Behind")=0,20,10)) | I2: =IF($B2="","",SUM(D2:H2)) | J2: =IF($I2="","",RANK($I2,$I$2:$I$200,0)) | K2: =IF($I2="","",IF($I2>=90,"Outstanding",IF($I2>=75,"Very Good",IF($I2>=60,"Good","Needs Support"))))
D3: =IF(COUNTIFS('Staff Weekly'!A:A,$A3,'Staff Weekly'!C:C,$B3,'Staff Weekly'!F:F,"Yes")>0,20,0) | E3: =IF(COUNTIFS('Staff Weekly'!A:A,$A3,'Staff Weekly'!C:C,$B3,'Staff Weekly'!G:G,"Yes")>0,20,0) | F3: =IF(COUNTIFS('Staff Weekly'!A:A,$A3,'Staff Weekly'!C:C,$B3,'Staff Weekly'!D:D,"Yes")>0,20,0) | G3: =IF($B3="","",IF(COUNTIFS('Class Reports'!A:A,$A3,'Class Reports'!D:D,$B3,'Class Reports'!G:G,"Poor") + COUNTIFS('Class Reports'!A:A,$A3,'Class Reports'!D:D,$B3,'Class Reports'!H:H,"Low")=0,20,10)) | H3: =IF($B3="","",IF(COUNTIFS('Subject Reports'!A:A,$A3,'Subject Reports'!D:D,$B3,'Subject Reports'!G:G,"Behind")=0,20,10)) | I3: =IF($B3="","",SUM(D3:H3)) | J3: =IF($I3="","",RANK($I3,$I$2:$I$200,0)) | K3: =IF($I3="","",IF($I3>=90,"Outstanding",IF($I3>=75,"Very Good",IF($I3>=60,"Good","Needs Support"))))
D4: =IF(COUNTIFS('Staff Weekly'!A:A,$A4,'Staff Weekly'!C:C,$B4,'Staff Weekly'!F:F,"Yes")>0,20,0) | E4: =IF(COUNTIFS('Staff Weekly'!A:A,$A4,'Staff Weekly'!C:C,$B4,'Staff Weekly'!G:G,"Yes")>0,20,0) | F4: =IF(COUNTIFS('Staff Weekly'!A:A,$A4,'Staff Weekly'!C:C,$B4,'Staff Weekly'!D:D,"Yes")>0,20,0) | G4: =IF($B4="","",IF(COUNTIFS('Class Reports'!A:A,$A4,'Class Reports'!D:D,$B4,'Class Reports'!G:G,"Poor") + COUNTIFS('Class Reports'!A:A,$A4,'Class Reports'!D:D,$B4,'Class Reports'!H:H,"Low")=0,20,10)) | H4: =IF($B4="","",IF(COUNTIFS('Subject Reports'!A:A,$A4,'Subject Reports'!D:D,$B4,'Subject Reports'!G:G,"Behind")=0,20,10)) | I4: =IF($B4="","",SUM(D4:H4)) | J4: =IF($I4="","",RANK($I4,$I$2:$I$200,0)) | K4: =IF($I4="","",IF($I4>=90,"Outstanding",IF($I4>=75,"Very Good",IF($I4>=60,"Good","Needs Support"))))
D5: =IF(COUNTIFS('Staff Weekly'!A:A,$A5,'Staff Weekly'!C:C,$B5,'Staff Weekly'!F:F,"Yes")>0,20,0) | E5: =IF(COUNTIFS('Staff Weekly'!A:A,$A5,'Staff Weekly'!C:C,$B5,'Staff Weekly'!G:G,"Yes")>0,20,0) | F5: =IF(COUNTIFS('Staff Weekly'!A:A,$A5,'Staff Weekly'!C:C,$B5,'Staff Weekly'!D:D,"Yes")>0,20,0) | G5: =IF($B5="","",IF(COUNTIFS('Class Reports'!A:A,$A5,'Class Reports'!D:D,$B5,'Class Reports'!G:G,"Poor") + COUNTIFS('Class Reports'!A:A,$A5,'Class Reports'!D:D,$B5,'Class Reports'!H:H,"Low")=0,20,10)) | H5: =IF($B5="","",IF(COUNTIFS('Subject Reports'!A:A,$A5,'Subject Reports'!D:D,$B5,'Subject Reports'!G:G,"Behind")=0,20,10)) | I5: =IF($B5="","",SUM(D5:H5)) | J5: =IF($I5="","",RANK($I5,$I$2:$I$200,0)) | K5: =IF($I5="","",IF($I5>=90,"Outstanding",IF($I5>=75,"Very Good",IF($I5>=60,"Good","Needs Support"))))
D6: =IF(COUNTIFS('Staff Weekly'!A:A,$A6,'Staff Weekly'!C:C,$B6,'Staff Weekly'!F:F,"Yes")>0,20,0) | E6: =IF(COUNTIFS('Staff Weekly'!A:A,$A6,'Staff Weekly'!C:C,$B6,'Staff Weekly'!G:G,"Yes")>0,20,0) | F6: =IF(COUNTIFS('Staff Weekly'!A:A,$A6,'Staff Weekly'!C:C,$B6,'Staff Weekly'!D:D,"Yes")>0,20,0) | G6: =IF($B6="","",IF(COUNTIFS('Class Reports'!A:A,$A6,'Class Reports'!D:D,$B6,'Class Reports'!G:G,"Poor") + COUNTIFS('Class Reports'!A:A,$A6,'Class Reports'!D:D,$B6,'Class Reports'!H:H,"Low")=0,20,10)) | H6: =IF($B6="","",IF(COUNTIFS('Subject Reports'!A:A,$A6,'Subject Reports'!D:D,$B6,'Subject Reports'!G:G,"Behind")=0,20,10)) | I6: =IF($B6="","",SUM(D6:H6)) | J6: =IF($I6="","",RANK($I6,$I$2:$I$200,0)) | K6: =IF($I6="","",IF($I6>=90,"Outstanding",IF($I6>=75,"Very Good",IF($I6>=60,"Good","Needs Support"))))
D7: =IF(COUNTIFS('Staff Weekly'!A:A,$A7,'Staff Weekly'!C:C,$B7,'Staff Weekly'!F:F,"Yes")>0,20,0) | E7: =IF(COUNTIFS('Staff Weekly'!A:A,$A7,'Staff Weekly'!C:C,$B7,'Staff Weekly'!G:G,"Yes")>0,20,0) | F7: =IF(COUNTIFS('Staff Weekly'!A:A,$A7,'Staff Weekly'!C:C,$B7,'Staff Weekly'!D:D,"Yes")>0,20,0) | G7: =IF($B7="","",IF(COUNTIFS('Class Reports'!A:A,$A7,'Class Reports'!D:D,$B7,'Class Reports'!G:G,"Poor") + COUNTIFS('Class Reports'!A:A,$A7,'Class Reports'!D:D,$B7,'Class Reports'!H:H,"Low")=0,20,10)) | H7: =IF($B7="","",IF(COUNTIFS('Subject Reports'!A:A,$A7,'Subject Reports'!D:D,$B7,'Subject Reports'!G:G,"Behind")=0,20,10)) | I7: =IF($B7="","",SUM(D7:H7)) | J7: =IF($I7="","",RANK($I7,$I$2:$I$200,0)) | K7: =IF($I7="","",IF($I7>=90,"Outstanding",IF($I7>=75,"Very Good",IF($I7>=60,"Good","Needs Support"))))
D8: =IF(COUNTIFS('Staff Weekly'!A:A,$A8,'Staff Weekly'!C:C,$B8,'Staff Weekly'!F:F,"Yes")>0,20,0) | E8: =IF(COUNTIFS('Staff Weekly'!A:A,$A8,'Staff Weekly'!C:C,$B8,'Staff Weekly'!G:G,"Yes")>0,20,0) | F8: =IF(COUNTIFS('Staff Weekly'!A:A,$A8,'Staff Weekly'!C:C,$B8,'Staff Weekly'!D:D,"Yes")>0,20,0) | G8: =IF($B8="","",IF(COUNTIFS('Class Reports'!A:A,$A8,'Class Reports'!D:D,$B8,'Class Reports'!G:G,"Poor") + COUNTIFS('Class Reports'!A:A,$A8,'Class Reports'!D:D,$B8,'Class Reports'!H:H,"Low")=0,20,10)) | H8: =IF($B8="","",IF(COUNTIFS('Subject Reports'!A:A,$A8,'Subject Reports'!D:D,$B8,'Subject Reports'!G:G,"Behind")=0,20,10)) | I8: =IF($B8="","",SUM(D8:H8)) | J8: =IF($I8="","",RANK($I8,$I$2:$I$200,0)) | K8: =IF($I8="","",IF($I8>=90,"Outstanding",IF($I8>=75,"Very Good",IF($I8>=60,"Good","Needs Support"))))
D9: =IF(COUNTIFS('Staff Weekly'!A:A,$A9,'Staff Weekly'!C:C,$B9,'Staff Weekly'!F:F,"Yes")>0,20,0) | E9: =IF(COUNTIFS('Staff Weekly'!A:A,$A9,'Staff Weekly'!C:C,$B9,'Staff Weekly'!G:G,"Yes")>0,20,0) | F9: =IF(COUNTIFS('Staff Weekly'!A:A,$A9,'Staff Weekly'!C:C,$B9,'Staff Weekly'!D:D,"Yes")>0,20,0) | G9: =IF($B9="","",IF(COUNTIFS('Class Reports'!A:A,$A9,'Class Reports'!D:D,$B9,'Class Reports'!G:G,"Poor") + COUNTIFS('Class Reports'!A:A,$A9,'Class Reports'!D:D,$B9,'Class Reports'!H:H,"Low")=0,20,10)) | H9: =IF($B9="","",IF(COUNTIFS('Subject Reports'!A:A,$A9,'Subject Reports'!D:D,$B9,'Subject Reports'!G:G,"Behind")=0,20,10)) | I9: =IF($B9="","",SUM(D9:H9)) | J9: =IF($I9="","",RANK($I9,$I$2:$I$200,0)) | K9: =IF($I9="","",IF($I9>=90,"Outstanding",IF($I9>=75,"Very Good",IF($I9>=60,"Good","Needs Support"))))
D10: =IF(COUNTIFS('Staff Weekly'!A:A,$A10,'Staff Weekly'!C:C,$B10,'Staff Weekly'!F:F,"Yes")>0,20,0) | E10: =IF(COUNTIFS('Staff Weekly'!A:A,$A10,'Staff Weekly'!C:C,$B10,'Staff Weekly'!G:G,"Yes")>0,20,0) | F10: =IF(COUNTIFS('Staff Weekly'!A:A,$A10,'Staff Weekly'!C:C,$B10,'Staff Weekly'!D:D,"Yes")>0,20,0) | G10: =IF($B10="","",IF(COUNTIFS('Class Reports'!A:A,$A10,'Class Reports'!D:D,$B10,'Class Reports'!G:G,"Poor") + COUNTIFS('Class Reports'!A:A,$A10,'Class Reports'!D:D,$B10,'Class Reports'!H:H,"Low")=0,20,10)) | H10: =IF($B10="","",IF(COUNTIFS('Subject Reports'!A:A,$A10,'Subject Reports'!D:D,$B10,'Subject Reports'!G:G,"Behind")=0,20,10)) | I10: =IF($B10="","",SUM(D10:H10)) | J10: =IF($I10="","",RANK($I10,$I$2:$I$200,0)) | K10: =IF($I10="","",IF($I10>=90,"Outstanding",IF($I10>=75,"Very Good",IF($I10>=60,"Good","Needs Support"))))
D11: =IF(COUNTIFS('Staff Weekly'!A:A,$A11,'Staff Weekly'!C:C,$B11,'Staff Weekly'!F:F,"Yes")>0,20,0) | E11: =IF(COUNTIFS('Staff Weekly'!A:A,$A11,'Staff Weekly'!C:C,$B11,'Staff Weekly'!G:G,"Yes")>0,20,0) | F11: =IF(COUNTIFS('Staff Weekly'!A:A,$A11,'Staff Weekly'!C:C,$B11,'Staff Weekly'!D:D,"Yes")>0,20,0) | G11: =IF($B11="","",IF(COUNTIFS('Class Reports'!A:A,$A11,'Class Reports'!D:D,$B11,'Class Reports'!G:G,"Poor") + COUNTIFS('Class Reports'!A:A,$A11,'Class Reports'!D:D,$B11,'Class Reports'!H:H,"Low")=0,20,10)) | H11: =IF($B11="","",IF(COUNTIFS('Subject Reports'!A:A,$A11,'Subject Reports'!D:D,$B11,'Subject Reports'!G:G,"Behind")=0,20,10)) | I11: =IF($B11="","",SUM(D11:H11)) | J11: =IF($I11="","",RANK($I11,$I$2:$I$200,0)) | K11: =IF($I11="","",IF($I11>=90,"Outstanding",IF($I11>=75,"Very Good",IF($I11>=60,"Good","Needs Support"))))
D12: =IF(COUNTIFS('Staff Weekly'!A:A,$A12,'Staff Weekly'!C:C,$B12,'Staff Weekly'!F:F,"Yes")>0,20,0) | E12: =IF(COUNTIFS('Staff Weekly'!A:A,$A12,'Staff Weekly'!C:C,$B12,'Staff Weekly'!G:G,"Yes")>0,20,0) | F12: =IF(COUNTIFS('Staff Weekly'!A:A,$A12,'Staff Weekly'!C:C,$B12,'Staff Weekly'!D:D,"Yes")>0,20,0) | G12: =IF($B12="","",IF(COUNTIFS('Class Reports'!A:A,$A12,'Class Reports'!D:D,$B12,'Class Reports'!G:G,"Poor") + COUNTIFS('Class Reports'!A:A,$A12,'Class Reports'!D:D,$B12,'Class Reports'!H:H,"Low")=0,20,10)) | H12: =IF($B12="","",IF(COUNTIFS('Subject Reports'!A:A,$A12,'Subject Reports'!D:D,$B12,'Subject Reports'!G:G,"Behind")=0,20,10)) | I12: =IF($B12="","",SUM(D12:H12)) | J12: =IF($I12="","",RANK($I12,$I$2:$I$200,0)) | K12: =IF($I12="","",IF($I12>=90,"Outstanding",IF($I12>=75,"Very Good",IF($I12>=60,"Good","Needs Support"))))
D13: =IF(COUNTIFS('Staff Weekly'!A:A,$A13,'Staff Weekly'!C:C,$B13,'Staff Weekly'!F:F,"Yes")>0,20,0) | E13: =IF(COUNTIFS('Staff Weekly'!A:A,$A13,'Staff Weekly'!C:C,$B13,'Staff Weekly'!G:G,"Yes")>0,20,0) | F13: =IF(COUNTIFS('Staff Weekly'!A:A,$A13,'Staff Weekly'!C:C,$B13,'Staff Weekly'!D:D,"Yes")>0,20,0) | G13: =IF($B13="","",IF(COUNTIFS('Class Reports'!A:A,$A13,'Class Reports'!D:D,$B13,'Class Reports'!G:G,"Poor") + COUNTIFS('Class Reports'!A:A,$A13,'Class Reports'!D:D,$B13,'Class Reports'!H:H,"Low")=0,20,10)) | H13: =IF($B13="","",IF(COUNTIFS('Subject Reports'!A:A,$A13,'Subject Reports'!D:D,$B13,'Subject Reports'!G:G,"Behind")=0,20,10)) | I13: =IF($B13="","",SUM(D13:H13)) | J13: =IF($I13="","",RANK($I13,$I$2:$I$200,0)) | K13: =IF($I13="","",IF($I13>=90,"Outstanding",IF($I13>=75,"Very Good",IF($I13>=60,"Good","Needs Support"))))
... D200: =IF(COUNTIFS('Staff Weekly'!A:A,$A200,'Staff Weekly'!C:C,$B200,'Staff Weekly'!F:F,"Yes")>0,20,0) | E200: =IF(COUNTIFS('Staff Weekly'!A:A,$A200,'Staff Weekly'!C:C,$B200,'Staff Weekly'!G:G,"Yes")>0,20,0) | F200: =IF(COUNTIFS('Staff Weekly'!A:A,$A200,'Staff Weekly'!C:C,$B200,'Staff Weekly'!D:D,"Yes")>0,20,0) | G200: =IF($B200="","",IF(COUNTIFS('Class Reports'!A:A,$A200,'Class Reports'!D:D,$B200,'Class Reports'!G:G,"Poor") + COUNTIFS('Class Reports'!A:A,$A200,'Class Reports'!D:D,$B200,'Class Reports'!H:H,"Low")=0,20,10)) | H200: =IF($B200="","",IF(COUNTIFS('Subject Reports'!A:A,$A200,'Subject Reports'!D:D,$B200,'Subject Reports'!G:G,"Behind")=0,20,10)) | I200: =IF($B200="","",SUM(D200:H200)) | J200: =IF($I200="","",RANK($I200,$I$2:$I$200,0)) | K200: =IF($I200="","",IF($I200>=90,"Outstanding",IF($I200>=75,"Very Good",IF($I200>=60,"Good","Needs Support"))))
A502: How to use: Fill Week Ending + Teacher Name (+ Campus optional). Scores, Total, Rank & Level calculate automatically.

Sheet Teacher Term Rankings
A1: ROYAL KINGS PREMIER SCHOOL
A2: TEACHER TERM RANKINGS (WEEK 1–14)
A4: Term Start (Week 1 Ending Date) | B4: =INDEX('Term Summary'!B:B,2) | K4: TOP 10 TEACHERS (TERM AVERAGE)
A5: Term End (Week 14 Ending Date) | B5: =INDEX('Term Summary'!B:B,15)
K6: Rank | L6: Teacher | M6: Campus | N6: Avg Score | O6: Level
A7: Teacher Name | B7: Campus | C7: Weeks Reported | D7: Average Score | E7: Best Week Score | F7: Worst Week Score | G7: Term Rank | H7: Performance Level | I7: Comment / Action
A8: =IF(Teachers!A2="","",Teachers!A2) | B8: =IF(Teachers!A2="","",Teachers!B2) | C8: =IF($A8="","",COUNTIFS('Teacher Rankings'!B:B,$A8,'Teacher Rankings'!A:A,">="&$B$4,'Teacher Rankings'!A:A,"<="&$B$5)) | D8: =IF($A8="","",IF($C8=0,"",ROUND(AVERAGEIFS('Teacher Rankings'!I:I,'Teacher Rankings'!B:B,$A8,'Teacher Rankings'!A:A,">="&$B$4,'Teacher Rankings'!A:A,"<="&$B$5),0))) | E8: =IF($A8="","",IF($C8=0,"",MAXIFS('Teacher Rankings'!I:I,'Teacher Rankings'!B:B,$A8,'Teacher Rankings'!A:A,">="&$B$4,'Teacher Rankings'!A:A,"<="&$B$5))) | F8: =IF($A8="","",IF($C8=0,"",MINIFS('Teacher Rankings'!I:I,'Teacher Rankings'!B:B,$A8,'Teacher Rankings'!A:A,">="&$B$4,'Teacher Rankings'!A:A,"<="&$B$5))) | G8: =IF($D8="","",RANK($D8,$D$8:$D$207,0)) | H8: =IF($D8="","",IF($D8>=90,"Outstanding",IF($D8>=75,"Very Good",IF($D8>=60,"Good","Needs Support")))) | K8: 1 | L8: =IF($N8="","",INDEX($A$8:$A$207,MATCH($N8,$D$8:$D$207,0))) | M8: =IF($L8="","",INDEX($B$8:$B$207,MATCH($N8,$D$8:$D$207,0))) | N8: =IFERROR(LARGE($D$8:$D$207,1),"") | O8: =IF($N8="","",INDEX($H$8:$H$207,MATCH($N8,$D$8:$D$207,0)))
A9: =IF(Teachers!A3="","",Teachers!A3) | B9: =IF(Teachers!A3="","",Teachers!B3) | C9: =IF($A9="","",COUNTIFS('Teacher Rankings'!B:B,$A9,'Teacher Rankings'!A:A,">="&$B$4,'Teacher Rankings'!A:A,"<="&$B$5)) | D9: =IF($A9="","",IF($C9=0,"",ROUND(AVERAGEIFS('Teacher Rankings'!I:I,'Teacher Rankings'!B:B,$A9,'Teacher Rankings'!A:A,">="&$B$4,'Teacher Rankings'!A:A,"<="&$B$5),0))) | E9: =IF($A9="","",IF($C9=0,"",MAXIFS('Teacher Rankings'!I:I,'Teacher Rankings'!B:B,$A9,'Teacher Rankings'!A:A,">="&$B$4,'Teacher Rankings'!A:A,"<="&$B$5))) | F9: =IF($A9="","",IF($C9=0,"",MINIFS('Teacher Rankings'!I:I,'Teacher Rankings'!B:B,$A9,'Teacher Rankings'!A:A,">="&$B$4,'Teacher Rankings'!A:A,"<="&$B$5))) | G9: =IF($D9="","",RANK($D9,$D$8:$D$207,0)) | H9: =IF($D9="","",IF($D9>=90,"Outstanding",IF($D9>=75,"Very Good",IF($D9>=60,"Good","Needs Support")))) | K9: 2 | L9: =IF($N9="","",INDEX($A$8:$A$207,MATCH($N9,$D$8:$D$207,0))) | M9: =IF($L9="","",INDEX($B$8:$B$207,MATCH($N9,$D$8:$D$207,0))) | N9: =IFERROR(LARGE($D$8:$D$207,2),"") | O9: =IF($N9="","",INDEX($H$8:$H$207,MATCH($N9,$D$8:$D$207,0)))
A10: =IF(Teachers!A4="","",Teachers!A4) | B10: =IF(Teachers!A4="","",Teachers!B4) | C10: =IF($A10="","",COUNTIFS('Teacher Rankings'!B:B,$A10,'Teacher Rankings'!A:A,">="&$B$4,'Teacher Rankings'!A:A,"<="&$B$5)) | D10: =IF($A10="","",IF($C10=0,"",ROUND(AVERAGEIFS('Teacher Rankings'!I:I,'Teacher Rankings'!B:B,$A10,'Teacher Rankings'!A:A,">="&$B$4,'Teacher Rankings'!A:A,"<="&$B$5),0))) | E10: =IF($A10="","",IF($C10=0,"",MAXIFS('Teacher Rankings'!I:I,'Teacher Rankings'!B:B,$A10,'Teacher Rankings'!A:A,">="&$B$4,'Teacher Rankings'!A:A,"<="&$B$5))) | F10: =IF($A10="","",IF($C10=0,"",MINIFS('Teacher Rankings'!I:I,'Teacher Rankings'!B:B,$A10,'Teacher Rankings'!A:A,">="&$B$4,'Teacher Rankings'!A:A,"<="&$B$5))) | G10: =IF($D10="","",RANK($D10,$D$8:$D$207,0)) | H10: =IF($D10="","",IF($D10>=90,"Outstanding",IF($D10>=75,"Very Good",IF($D10>=60,"Good","Needs Support")))) | K10: 3 | L10: =IF($N10="","",INDEX($A$8:$A$207,MATCH($N10,$D$8:$D$207,0))) | M10: =IF($L10="","",INDEX($B$8:$B$207,MATCH($N10,$D$8:$D$207,0))) | N10: =IFERROR(LARGE($D$8:$D$207,3),"") | O10: =IF($N10="","",INDEX($H$8:$H$207,MATCH($N10,$D$8:$D$207,0)))
A11: =IF(Teachers!A5="","",Teachers!A5) | B11: =IF(Teachers!A5="","",Teachers!B5) | C11: =IF($A11="","",COUNTIFS('Teacher Rankings'!B:B,$A11,'Teacher Rankings'!A:A,">="&$B$4,'Teacher Rankings'!A:A,"<="&$B$5)) | D11: =IF($A11="","",IF($C11=0,"",ROUND(AVERAGEIFS('Teacher Rankings'!I:I,'Teacher Rankings'!B:B,$A11,'Teacher Rankings'!A:A,">="&$B$4,'Teacher Rankings'!A:A,"<="&$B$5),0))) | E11: =IF($A11="","",IF($C11=0,"",MAXIFS('Teacher Rankings'!I:I,'Teacher Rankings'!B:B,$A11,'Teacher Rankings'!A:A,">="&$B$4,'Teacher Rankings'!A:A,"<="&$B$5))) | F11: =IF($A11="","",IF($C11=0,"",MINIFS('Teacher Rankings'!I:I,'Teacher Rankings'!B:B,$A11,'Teacher Rankings'!A:A,">="&$B$4,'Teacher Rankings'!A:A,"<="&$B$5))) | G11: =IF($D11="","",RANK($D11,$D$8:$D$207,0)) | H11: =IF($D11="","",IF($D11>=90,"Outstanding",IF($D11>=75,"Very Good",IF($D11>=60,"Good","Needs Support")))) | K11: 4 | L11: =IF($N11="","",INDEX($A$8:$A$207,MATCH($N11,$D$8:$D$207,0))) | M11: =IF($L11="","",INDEX($B$8:$B$207,MATCH($N11,$D$8:$D$207,0))) | N11: =IFERROR(LARGE($D$8:$D$207,4),"") | O11: =IF($N11="","",INDEX($H$8:$H$207,MATCH($N11,$D$8:$D$207,0)))
A12: =IF(Teachers!A6="","",Teachers!A6) | B12: =IF(Teachers!A6="","",Teachers!B6) | C12: =IF($A12="","",COUNTIFS('Teacher Rankings'!B:B,$A12,'Teacher Rankings'!A:A,">="&$B$4,'Teacher Rankings'!A:A,"<="&$B$5)) | D12: =IF($A12="","",IF($C12=0,"",ROUND(AVERAGEIFS('Teacher Rankings'!I:I,'Teacher Rankings'!B:B,$A12,'Teacher Rankings'!A:A,">="&$B$4,'Teacher Rankings'!A:A,"<="&$B$5),0))) | E12: =IF($A12="","",IF($C12=0,"",MAXIFS('Teacher Rankings'!I:I,'Teacher Rankings'!B:B,$A12,'Teacher Rankings'!A:A,">="&$B$4,'Teacher Rankings'!A:A,"<="&$B$5))) | F12: =IF($A12="","",IF($C12=0,"",MINIFS('Teacher Rankings'!I:I,'Teacher Rankings'!B:B,$A12,'Teacher Rankings'!A:A,">="&$B$4,'Teacher Rankings'!A:A,"<="&$B$5))) | G12: =IF($D12="","",RANK($D12,$D$8:$D$207,0)) | H12: =IF($D12="","",IF($D12>=90,"Outstanding",IF($D12>=75,"Very Good",IF($D12>=60,"Good","Needs Support")))) | K12: 5 | L12: =IF($N12="","",INDEX($A$8:$A$207,MATCH($N12,$D$8:$D$207,0))) | M12: =IF($L12="","",INDEX($B$8:$B$207,MATCH($N12,$D$8:$D$207,0))) | N12: =IFERROR(LARGE($D$8:$D$207,5),"") | O12: =IF($N12="","",INDEX($H$8:$H$207,MATCH($N12,$D$8:$D$207,0)))
A13: =IF(Teachers!A7="","",Teachers!A7) | B13: =IF(Teachers!A7="","",Teachers!B7) | C13: =IF($A13="","",COUNTIFS('Teacher Rankings'!B:B,$A13,'Teacher Rankings'!A:A,">="&$B$4,'Teacher Rankings'!A:A,"<="&$B$5)) | D13: =IF($A13="","",IF($C13=0,"",ROUND(AVERAGEIFS('Teacher Rankings'!I:I,'Teacher Rankings'!B:B,$A13,'Teacher Rankings'!A:A,">="&$B$4,'Teacher Rankings'!A:A,"<="&$B$5),0))) | E13: =IF($A13="","",IF($C13=0,"",MAXIFS('Teacher Rankings'!I:I,'Teacher Rankings'!B:B,$A13,'Teacher Rankings'!A:A,">="&$B$4,'Teacher Rankings'!A:A,"<="&$B$5))) | F13: =IF($A13="","",IF($C13=0,"",MINIFS('Teacher Rankings'!I:I,'Teacher Rankings'!B:B,$A13,'Teacher Rankings'!A:A,">="&$B$4,'Teacher Rankings'!A:A,"<="&$B$5))) | G13: =IF($D13="","",RANK($D13,$D$8:$D$207,0)) | H13: =IF($D13="","",IF($D13>=90,"Outstanding",IF($D13>=75,"Very Good",IF($D13>=60,"Good","Needs Support")))) | K13: 6 | L13: =IF($N13="","",INDEX($A$8:$A$207,MATCH($N13,$D$8:$D$207,0))) | M13: =IF($L13="","",INDEX($B$8:$B$207,MATCH($N13,$D$8:$D$207,0))) | N13: =IFERROR(LARGE($D$8:$D$207,6),"") | O13: =IF($N13="","",INDEX($H$8:$H$207,MATCH($N13,$D$8:$D$207,0)))
A14: =IF(Teachers!A8="","",Teachers!A8) | B14: =IF(Teachers!A8="","",Teachers!B8) | C14: =IF($A14="","",COUNTIFS('Teacher Rankings'!B:B,$A14,'Teacher Rankings'!A:A,">="&$B$4,'Teacher Rankings'!A:A,"<="&$B$5)) | D14: =IF($A14="","",IF($C14=0,"",ROUND(AVERAGEIFS('Teacher Rankings'!I:I,'Teacher Rankings'!B:B,$A14,'Teacher Rankings'!A:A,">="&$B$4,'Teacher Rankings'!A:A,"<="&$B$5),0))) | E14: =IF($A14="","",IF($C14=0,"",MAXIFS('Teacher Rankings'!I:I,'Teacher Rankings'!B:B,$A14,'Teacher Rankings'!A:A,">="&$B$4,'Teacher Rankings'!A:A,"<="&$B$5))) | F14: =IF($A14="","",IF($C14=0,"",MINIFS('Teacher Rankings'!I:I,'Teacher Rankings'!B:B,$A14,'Teacher Rankings'!A:A,">="&$B$4,'Teacher Rankings'!A:A,"<="&$B$5))) | G14: =IF($D14="","",RANK($D14,$D$8:$D$207,0)) | H14: =IF($D14="","",IF($D14>=90,"Outstanding",IF($D14>=75,"Very Good",IF($D14>=60,"Good","Needs Support")))) | K14: 7 | L14: =IF($N14="","",INDEX($A$8:$A$207,MATCH($N14,$D$8:$D$207,0))) | M14: =IF($L14="","",INDEX($B$8:$B$207,MATCH($N14,$D$8:$D$207,0))) | N14: =IFERROR(LARGE($D$8:$D$207,7),"") | O14: =IF($N14="","",INDEX($H$8:$H$207,MATCH($N14,$D$8:$D$207,0)))
A15: =IF(Teachers!A9="","",Teachers!A9) | B15: =IF(Teachers!A9="","",Teachers!B9) | C15: =IF($A15="","",COUNTIFS('Teacher Rankings'!B:B,$A15,'Teacher Rankings'!A:A,">="&$B$4,'Teacher Rankings'!A:A,"<="&$B$5)) | D15: =IF($A15="","",IF($C15=0,"",ROUND(AVERAGEIFS('Teacher Rankings'!I:I,'Teacher Rankings'!B:B,$A15,'Teacher Rankings'!A:A,">="&$B$4,'Teacher Rankings'!A:A,"<="&$B$5),0))) | E15: =IF($A15="","",IF($C15=0,"",MAXIFS('Teacher Rankings'!I:I,'Teacher Rankings'!B:B,$A15,'Teacher Rankings'!A:A,">="&$B$4,'Teacher Rankings'!A:A,"<="&$B$5))) | F15: =IF($A15="","",IF($C15=0,"",MINIFS('Teacher Rankings'!I:I,'Teacher Rankings'!B:B,$A15,'Teacher Rankings'!A:A,">="&$B$4,'Teacher Rankings'!A:A,"<="&$B$5))) | G15: =IF($D15="","",RANK($D15,$D$8:$D$207,0)) | H15: =IF($D15="","",IF($D15>=90,"Outstanding",IF($D15>=75,"Very Good",IF($D15>=60,"Good","Needs Support")))) | K15: 8 | L15: =IF($N15="","",INDEX($A$8:$A$207,MATCH($N15,$D$8:$D$207,0))) | M15: =IF($L15="","",INDEX($B$8:$B$207,MATCH($N15,$D$8:$D$207,0))) | N15: =IFERROR(LARGE($D$8:$D$207,8),"") | O15: =IF($N15="","",INDEX($H$8:$H$207,MATCH($N15,$D$8:$D$207,0)))
A16: =IF(Teachers!A10="","",Teachers!A10) | B16: =IF(Teachers!A10="","",Teachers!B10) | C16: =IF($A16="","",COUNTIFS('Teacher Rankings'!B:B,$A16,'Teacher Rankings'!A:A,">="&$B$4,'Teacher Rankings'!A:A,"<="&$B$5)) | D16: =IF($A16="","",IF($C16=0,"",ROUND(AVERAGEIFS('Teacher Rankings'!I:I,'Teacher Rankings'!B:B,$A16,'Teacher Rankings'!A:A,">="&$B$4,'Teacher Rankings'!A:A,"<="&$B$5),0))) | E16: =IF($A16="","",IF($C16=0,"",MAXIFS('Teacher Rankings'!I:I,'Teacher Rankings'!B:B,$A16,'Teacher Rankings'!A:A,">="&$B$4,'Teacher Rankings'!A:A,"<="&$B$5))) | F16: =IF($A16="","",IF($C16=0,"",MINIFS('Teacher Rankings'!I:I,'Teacher Rankings'!B:B,$A16,'Teacher Rankings'!A:A,">="&$B$4,'Teacher Rankings'!A:A,"<="&$B$5))) | G16: =IF($D16="","",RANK($D16,$D$8:$D$207,0)) | H16: =IF($D16="","",IF($D16>=90,"Outstanding",IF($D16>=75,"Very Good",IF($D16>=60,"Good","Needs Support")))) | K16: 9 | L16: =IF($N16="","",INDEX($A$8:$A$207,MATCH($N16,$D$8:$D$207,0))) | M16: =IF($L16="","",INDEX($B$8:$B$207,MATCH($N16,$D$8:$D$207,0))) | N16: =IFERROR(LARGE($D$8:$D$207,9),"") | O16: =IF($N16="","",INDEX($H$8:$H$207,MATCH($N16,$D$8:$D$207,0)))
A17: =IF(Teachers!A11="","",Teachers!A11) | B17: =IF(Teachers!A11="","",Teachers!B11) | C17: =IF($A17="","",COUNTIFS('Teacher Rankings'!B:B,$A17,'Teacher Rankings'!A:A,">="&$B$4,'Teacher Rankings'!A:A,"<="&$B$5)) | D17: =IF($A17="","",IF($C17=0,"",ROUND(AVERAGEIFS('Teacher Rankings'!I:I,'Teacher Rankings'!B:B,$A17,'Teacher Rankings'!A:A,">="&$B$4,'Teacher Rankings'!A:A,"<="&$B$5),0))) | E17: =IF($A17="","",IF($C17=0,"",MAXIFS('Teacher Rankings'!I:I,'Teacher Rankings'!B:B,$A17,'Teacher Rankings'!A:A,">="&$B$4,'Teacher Rankings'!A:A,"<="&$B$5))) | F17: =IF($A17="","",IF($C17=0,"",MINIFS('Teacher Rankings'!I:I,'Teacher Rankings'!B:B,$A17,'Teacher Rankings'!A:A,">="&$B$4,'Teacher Rankings'!A:A,"<="&$B$5))) | G17: =IF($D17="","",RANK($D17,$D$8:$D$207,0)) | H17: =IF($D17="","",IF($D17>=90,"Outstanding",IF($D17>=75,"Very Good",IF($D17>=60,"Good","Needs Support")))) | K17: 10 | L17: =IF($N17="","",INDEX($A$8:$A$207,MATCH($N17,$D$8:$D$207,0))) | M17: =IF($L17="","",INDEX($B$8:$B$207,MATCH($N17,$D$8:$D$207,0))) | N17: =IFERROR(LARGE($D$8:$D$207,10),"") | O17: =IF($N17="","",INDEX($H$8:$H$207,MATCH($N17,$D$8:$D$207,0)))
A18: =IF(Teachers!A12="","",Teachers!A12) | B18: =IF(Teachers!A12="","",Teachers!B12) | C18: =IF($A18="","",COUNTIFS('Teacher Rankings'!B:B,$A18,'Teacher Rankings'!A:A,">="&$B$4,'Teacher Rankings'!A:A,"<="&$B$5)) | D18: =IF($A18="","",IF($C18=0,"",ROUND(AVERAGEIFS('Teacher Rankings'!I:I,'Teacher Rankings'!B:B,$A18,'Teacher Rankings'!A:A,">="&$B$4,'Teacher Rankings'!A:A,"<="&$B$5),0))) | E18: =IF($A18="","",IF($C18=0,"",MAXIFS('Teacher Rankings'!I:I,'Teacher Rankings'!B:B,$A18,'Teacher Rankings'!A:A,">="&$B$4,'Teacher Rankings'!A:A,"<="&$B$5))) | F18: =IF($A18="","",IF($C18=0,"",MINIFS('Teacher Rankings'!I:I,'Teacher Rankings'!B:B,$A18,'Teacher Rankings'!A:A,">="&$B$4,'Teacher Rankings'!A:A,"<="&$B$5))) | G18: =IF($D18="","",RANK($D18,$D$8:$D$207,0)) | H18: =IF($D18="","",IF($D18>=90,"Outstanding",IF($D18>=75,"Very Good",IF($D18>=60,"Good","Needs Support"))))
A19: =IF(Teachers!A13="","",Teachers!A13) | B19: =IF(Teachers!A13="","",Teachers!B13) | C19: =IF($A19="","",COUNTIFS('Teacher Rankings'!B:B,$A19,'Teacher Rankings'!A:A,">="&$B$4,'Teacher Rankings'!A:A,"<="&$B$5)) | D19: =IF($A19="","",IF($C19=0,"",ROUND(AVERAGEIFS('Teacher Rankings'!I:I,'Teacher Rankings'!B:B,$A19,'Teacher Rankings'!A:A,">="&$B$4,'Teacher Rankings'!A:A,"<="&$B$5),0))) | E19: =IF($A19="","",IF($C19=0,"",MAXIFS('Teacher Rankings'!I:I,'Teacher Rankings'!B:B,$A19,'Teacher Rankings'!A:A,">="&$B$4,'Teacher Rankings'!A:A,"<="&$B$5))) | F19: =IF($A19="","",IF($C19=0,"",MINIFS('Teacher Rankings'!I:I,'Teacher Rankings'!B:B,$A19,'Teacher Rankings'!A:A,">="&$B$4,'Teacher Rankings'!A:A,"<="&$B$5))) | G19: =IF($D19="","",RANK($D19,$D$8:$D$207,0)) | H19: =IF($D19="","",IF($D19>=90,"Outstanding",IF($D19>=75,"Very Good",IF($D19>=60,"Good","Needs Support"))))
A20: =IF(Teachers!A14="","",Teachers!A14) | B20: =IF(Teachers!A14="","",Teachers!B14) | C20: =IF($A20="","",COUNTIFS('Teacher Rankings'!B:B,$A20,'Teacher Rankings'!A:A,">="&$B$4,'Teacher Rankings'!A:A,"<="&$B$5)) | D20: =IF($A20="","",IF($C20=0,"",ROUND(AVERAGEIFS('Teacher Rankings'!I:I,'Teacher Rankings'!B:B,$A20,'Teacher Rankings'!A:A,">="&$B$4,'Teacher Rankings'!A:A,"<="&$B$5),0))) | E20: =IF($A20="","",IF($C20=0,"",MAXIFS('Teacher Rankings'!I:I,'Teacher Rankings'!B:B,$A20,'Teacher Rankings'!A:A,">="&$B$4,'Teacher Rankings'!A:A,"<="&$B$5))) | F20: =IF($A20="","",IF($C20=0,"",MINIFS('Teacher Rankings'!I:I,'Teacher Rankings'!B:B,$A20,'Teacher Rankings'!A:A,">="&$B$4,'Teacher Rankings'!A:A,"<="&$B$5))) | G20: =IF($D20="","",RANK($D20,$D$8:$D$207,0)) | H20: =IF($D20="","",IF($D20>=90,"Outstanding",IF($D20>=75,"Very Good",IF($D20>=60,"Good","Needs Support"))))
A21: =IF(Teachers!A15="","",Teachers!A15) | B21: =IF(Teachers!A15="","",Teachers!B15) | C21: =IF($A21="","",COUNTIFS('Teacher Rankings'!B:B,$A21,'Teacher Rankings'!A:A,">="&$B$4,'Teacher Rankings'!A:A,"<="&$B$5)) | D21: =IF($A21="","",IF($C21=0,"",ROUND(AVERAGEIFS('Teacher Rankings'!I:I,'Teacher Rankings'!B:B,$A21,'Teacher Rankings'!A:A,">="&$B$4,'Teacher Rankings'!A:A,"<="&$B$5),0))) | E21: =IF($A21="","",IF($C21=0,"",MAXIFS('Teacher Rankings'!I:I,'Teacher Rankings'!B:B,$A21,'Teacher Rankings'!A:A,">="&$B$4,'Teacher Rankings'!A:A,"<="&$B$5))) | F21: =IF($A21="","",IF($C21=0,"",MINIFS('Teacher Rankings'!I:I,'Teacher Rankings'!B:B,$A21,'Teacher Rankings'!A:A,">="&$B$4,'Teacher Rankings'!A:A,"<="&$B$5))) | G21: =IF($D21="","",RANK($D21,$D$8:$D$207,0)) | H21: =IF($D21="","",IF($D21>=90,"Outstanding",IF($D21>=75,"Very Good",IF($D21>=60,"Good","Needs Support"))))
A22: =IF(Teachers!A16="","",Teachers!A16) | B22: =IF(Teachers!A16="","",Teachers!B16) | C22: =IF($A22="","",COUNTIFS('Teacher Rankings'!B:B,$A22,'Teacher Rankings'!A:A,">="&$B$4,'Teacher Rankings'!A:A,"<="&$B$5)) | D22: =IF($A22="","",IF($C22=0,"",ROUND(AVERAGEIFS('Teacher Rankings'!I:I,'Teacher Rankings'!B:B,$A22,'Teacher Rankings'!A:A,">="&$B$4,'Teacher Rankings'!A:A,"<="&$B$5),0))) | E22: =IF($A22="","",IF($C22=0,"",MAXIFS('Teacher Rankings'!I:I,'Teacher Rankings'!B:B,$A22,'Teacher Rankings'!A:A,">="&$B$4,'Teacher Rankings'!A:A,"<="&$B$5))) | F22: =IF($A22="","",IF($C22=0,"",MINIFS('Teacher Rankings'!I:I,'Teacher Rankings'!B:B,$A22,'Teacher Rankings'!A:A,">="&$B$4,'Teacher Rankings'!A:A,"<="&$B$5))) | G22: =IF($D22="","",RANK($D22,$D$8:$D$207,0)) | H22: =IF($D22="","",IF($D22>=90,"Outstanding",IF($D22>=75,"Very Good",IF($D22>=60,"Good","Needs Support"))))
A23: =IF(Teachers!A17="","",Teachers!A17) | B23: =IF(Teachers!A17="","",Teachers!B17) | C23: =IF($A23="","",COUNTIFS('Teacher Rankings'!B:B,$A23,'Teacher Rankings'!A:A,">="&$B$4,'Teacher Rankings'!A:A,"<="&$B$5)) | D23: =IF($A23="","",IF($C23=0,"",ROUND(AVERAGEIFS('Teacher Rankings'!I:I,'Teacher Rankings'!B:B,$A23,'Teacher Rankings'!A:A,">="&$B$4,'Teacher Rankings'!A:A,"<="&$B$5),0))) | E23: =IF($A23="","",IF($C23=0,"",MAXIFS('Teacher Rankings'!I:I,'Teacher Rankings'!B:B,$A23,'Teacher Rankings'!A:A,">="&$B$4,'Teacher Rankings'!A:A,"<="&$B$5))) | F23: =IF($A23="","",IF($C23=0,"",MINIFS('Teacher Rankings'!I:I,'Teacher Rankings'!B:B,$A23,'Teacher Rankings'!A:A,">="&$B$4,'Teacher Rankings'!A:A,"<="&$B$5))) | G23: =IF($D23="","",RANK($D23,$D$8:$D$207,0)) | H23: =IF($D23="","",IF($D23>=90,"Outstanding",IF($D23>=75,"Very Good",IF($D23>=60,"Good","Needs Support"))))
A24: =IF(Teachers!A18="","",Teachers!A18) | B24: =IF(Teachers!A18="","",Teachers!B18) | C24: =IF($A24="","",COUNTIFS('Teacher Rankings'!B:B,$A24,'Teacher Rankings'!A:A,">="&$B$4,'Teacher Rankings'!A:A,"<="&$B$5)) | D24: =IF($A24="","",IF($C24=0,"",ROUND(AVERAGEIFS('Teacher Rankings'!I:I,'Teacher Rankings'!B:B,$A24,'Teacher Rankings'!A:A,">="&$B$4,'Teacher Rankings'!A:A,"<="&$B$5),0))) | E24: =IF($A24="","",IF($C24=0,"",MAXIFS('Teacher Rankings'!I:I,'Teacher Rankings'!B:B,$A24,'Teacher Rankings'!A:A,">="&$B$4,'Teacher Rankings'!A:A,"<="&$B$5))) | F24: =IF($A24="","",IF($C24=0,"",MINIFS('Teacher Rankings'!I:I,'Teacher Rankings'!B:B,$A24,'Teacher Rankings'!A:A,">="&$B$4,'Teacher Rankings'!A:A,"<="&$B$5))) | G24: =IF($D24="","",RANK($D24,$D$8:$D$207,0)) | H24: =IF($D24="","",IF($D24>=90,"Outstanding",IF($D24>=75,"Very Good",IF($D24>=60,"Good","Needs Support"))))
A25: =IF(Teachers!A19="","",Teachers!A19) | B25: =IF(Teachers!A19="","",Teachers!B19) | C25: =IF($A25="","",COUNTIFS('Teacher Rankings'!B:B,$A25,'Teacher Rankings'!A:A,">="&$B$4,'Teacher Rankings'!A:A,"<="&$B$5)) | D25: =IF($A25="","",IF($C25=0,"",ROUND(AVERAGEIFS('Teacher Rankings'!I:I,'Teacher Rankings'!B:B,$A25,'Teacher Rankings'!A:A,">="&$B$4,'Teacher Rankings'!A:A,"<="&$B$5),0))) | E25: =IF($A25="","",IF($C25=0,"",MAXIFS('Teacher Rankings'!I:I,'Teacher Rankings'!B:B,$A25,'Teacher Rankings'!A:A,">="&$B$4,'Teacher Rankings'!A:A,"<="&$B$5))) | F25: =IF($A25="","",IF($C25=0,"",MINIFS('Teacher Rankings'!I:I,'Teacher Rankings'!B:B,$A25,'Teacher Rankings'!A:A,">="&$B$4,'Teacher Rankings'!A:A,"<="&$B$5))) | G25: =IF($D25="","",RANK($D25,$D$8:$D$207,0)) | H25: =IF($D25="","",IF($D25>=90,"Outstanding",IF($D25>=75,"Very Good",IF($D25>=60,"Good","Needs Support"))))
A26: =IF(Teachers!A20="","",Teachers!A20) | B26: =IF(Teachers!A20="","",Teachers!B20) | C26: =IF($A26="","",COUNTIFS('Teacher Rankings'!B:B,$A26,'Teacher Rankings'!A:A,">="&$B$4,'Teacher Rankings'!A:A,"<="&$B$5)) | D26: =IF($A26="","",IF($C26=0,"",ROUND(AVERAGEIFS('Teacher Rankings'!I:I,'Teacher Rankings'!B:B,$A26,'Teacher Rankings'!A:A,">="&$B$4,'Teacher Rankings'!A:A,"<="&$B$5),0))) | E26: =IF($A26="","",IF($C26=0,"",MAXIFS('Teacher Rankings'!I:I,'Teacher Rankings'!B:B,$A26,'Teacher Rankings'!A:A,">="&$B$4,'Teacher Rankings'!A:A,"<="&$B$5))) | F26: =IF($A26="","",IF($C26=0,"",MINIFS('Teacher Rankings'!I:I,'Teacher Rankings'!B:B,$A26,'Teacher Rankings'!A:A,">="&$B$4,'Teacher Rankings'!A:A,"<="&$B$5))) | G26: =IF($D26="","",RANK($D26,$D$8:$D$207,0)) | H26: =IF($D26="","",IF($D26>=90,"Outstanding",IF($D26>=75,"Very Good",IF($D26>=60,"Good","Needs Support"))))
A27: =IF(Teachers!A21="","",Teachers!A21) | B27: =IF(Teachers!A21="","",Teachers!B21) | C27: =IF($A27="","",COUNTIFS('Teacher Rankings'!B:B,$A27,'Teacher Rankings'!A:A,">="&$B$4,'Teacher Rankings'!A:A,"<="&$B$5)) | D27: =IF($A27="","",IF($C27=0,"",ROUND(AVERAGEIFS('Teacher Rankings'!I:I,'Teacher Rankings'!B:B,$A27,'Teacher Rankings'!A:A,">="&$B$4,'Teacher Rankings'!A:A,"<="&$B$5),0))) | E27: =IF($A27="","",IF($C27=0,"",MAXIFS('Teacher Rankings'!I:I,'Teacher Rankings'!B:B,$A27,'Teacher Rankings'!A:A,">="&$B$4,'Teacher Rankings'!A:A,"<="&$B$5))) | F27: =IF($A27="","",IF($C27=0,"",MINIFS('Teacher Rankings'!I:I,'Teacher Rankings'!B:B,$A27,'Teacher Rankings'!A:A,">="&$B$4,'Teacher Rankings'!A:A,"<="&$B$5))) | G27: =IF($D27="","",RANK($D27,$D$8:$D$207,0)) | H27: =IF($D27="","",IF($D27>=90,"Outstanding",IF($D27>=75,"Very Good",IF($D27>=60,"Good","Needs Support"))))
A28: =IF(Teachers!A22="","",Teachers!A22) | B28: =IF(Teachers!A22="","",Teachers!B22) | C28: =IF($A28="","",COUNTIFS('Teacher Rankings'!B:B,$A28,'Teacher Rankings'!A:A,">="&$B$4,'Teacher Rankings'!A:A,"<="&$B$5)) | D28: =IF($A28="","",IF($C28=0,"",ROUND(AVERAGEIFS('Teacher Rankings'!I:I,'Teacher Rankings'!B:B,$A28,'Teacher Rankings'!A:A,">="&$B$4,'Teacher Rankings'!A:A,"<="&$B$5),0))) | E28: =IF($A28="","",IF($C28=0,"",MAXIFS('Teacher Rankings'!I:I,'Teacher Rankings'!B:B,$A28,'Teacher Rankings'!A:A,">="&$B$4,'Teacher Rankings'!A:A,"<="&$B$5))) | F28: =IF($A28="","",IF($C28=0,"",MINIFS('Teacher Rankings'!I:I,'Teacher Rankings'!B:B,$A28,'Teacher Rankings'!A:A,">="&$B$4,'Teacher Rankings'!A:A,"<="&$B$5))) | G28: =IF($D28="","",RANK($D28,$D$8:$D$207,0)) | H28: =IF($D28="","",IF($D28>=90,"Outstanding",IF($D28>=75,"Very Good",IF($D28>=60,"Good","Needs Support"))))
A29: =IF(Teachers!A23="","",Teachers!A23) | B29: =IF(Teachers!A23="","",Teachers!B23) | C29: =IF($A29="","",COUNTIFS('Teacher Rankings'!B:B,$A29,'Teacher Rankings'!A:A,">="&$B$4,'Teacher Rankings'!A:A,"<="&$B$5)) | D29: =IF($A29="","",IF($C29=0,"",ROUND(AVERAGEIFS('Teacher Rankings'!I:I,'Teacher Rankings'!B:B,$A29,'Teacher Rankings'!A:A,">="&$B$4,'Teacher Rankings'!A:A,"<="&$B$5),0))) | E29: =IF($A29="","",IF($C29=0,"",MAXIFS('Teacher Rankings'!I:I,'Teacher Rankings'!B:B,$A29,'Teacher Rankings'!A:A,">="&$B$4,'Teacher Rankings'!A:A,"<="&$B$5))) | F29: =IF($A29="","",IF($C29=0,"",MINIFS('Teacher Rankings'!I:I,'Teacher Rankings'!B:B,$A29,'Teacher Rankings'!A:A,">="&$B$4,'Teacher Rankings'!A:A,"<="&$B$5))) | G29: =IF($D29="","",RANK($D29,$D$8:$D$207,0)) | H29: =IF($D29="","",IF($D29>=90,"Outstanding",IF($D29>=75,"Very Good",IF($D29>=60,"Good","Needs Support"))))
... A207: =IF(Teachers!A201="","",Teachers!A201) | B207: =IF(Teachers!A201="","",Teachers!B201) | C207: =IF($A207="","",COUNTIFS('Teacher Rankings'!B:B,$A207,'Teacher Rankings'!A:A,">="&$B$4,'Teacher Rankings'!A:A,"<="&$B$5)) | D207: =IF($A207="","",IF($C207=0,"",ROUND(AVERAGEIFS('Teacher Rankings'!I:I,'Teacher Rankings'!B:B,$A207,'Teacher Rankings'!A:A,">="&$B$4,'Teacher Rankings'!A:A,"<="&$B$5),0))) | E207: =IF($A207="","",IF($C207=0,"",MAXIFS('Teacher Rankings'!I:I,'Teacher Rankings'!B:B,$A207,'Teacher Rankings'!A:A,">="&$B$4,'Teacher Rankings'!A:A,"<="&$B$5))) | F207: =IF($A207="","",IF($C207=0,"",MINIFS('Teacher Rankings'!I:I,'Teacher Rankings'!B:B,$A207,'Teacher Rankings'!A:A,">="&$B$4,'Teacher Rankings'!A:A,"<="&$B$5))) | G207: =IF($D207="","",RANK($D207,$D$8:$D$207,0)) | H207: =IF($D207="","",IF($D207>=90,"Outstanding",IF($D207>=75,"Very Good",IF($D207>=60,"Good","Needs Support"))))
A210: Note: This term ranking uses Average Score from 'Teacher Rankings' between Term Start and Term End dates in 'Term Summary'.

Sheet Teacher Awards
A1: ROYAL KINGS PREMIER SCHOOL
A2: TEACHER AWARDS CATEGORIES (TERM)
A4: Term Start (Week 1 Ending Date) | B4: =INDEX('Term Summary'!B:B,2) | K4: AWARDS (TOP 5)
A5: Term End (Week 14 Ending Date) | B5: =INDEX('Term Summary'!B:B,15)
K6: Most Improved | N6: Best Punctuality | Q6: Best Marking | T6: Best Syllabus Coverage | W6: Best Class Management
A7: Teacher Name | B7: Campus | C7: Weeks Reported | D7: Avg Score | E7: Most Improved (End-Start) | F7: Punctuality % | G7: Marking % | H7: Syllabus On-Track % | I7: Class Management % | K7: Rank | L7: Teacher | M7: Value | N7: Rank | O7: Teacher | P7: Value | Q7: Rank | R7: Teacher | S7: Value | T7: Rank | U7: Teacher | V7: Value | W7: Rank | X7: Teacher | Y7: Value
A8: =IF(Teachers!A2="","",Teachers!A2) | B8: =IF($A8="","",Teachers!B2) | C8: =IF($A8="","",COUNTIFS('Teacher Rankings'!B:B,$A8,'Teacher Rankings'!A:A,">="&$B$4,'Teacher Rankings'!A:A,"<="&$B$5)) | D8: =IF($C8=0,"",ROUND(AVERAGEIFS('Teacher Rankings'!I:I,'Teacher Rankings'!B:B,$A8,'Teacher Rankings'!A:A,">="&$B$4,'Teacher Rankings'!A:A,"<="&$B$5),0)) | E8: =IF($C8=0,"",IFERROR(INDEX('Teacher Rankings'!I:I,MATCH(1,('Teacher Rankings'!B:B=$A8)*('Teacher Rankings'!A:A=$B$5),0)),0) - IFERROR(INDEX('Teacher Rankings'!I:I,MATCH(1,('Teacher Rankings'!B:B=$A8)*('Teacher Rankings'!A:A=$B$4),0)),0)) | F8: =IF($C8=0,"",ROUND(100*COUNTIFS('Teacher Rankings'!B:B,$A8,'Teacher Rankings'!A:A,">="&$B$4,'Teacher Rankings'!A:A,"<="&$B$5,'Teacher Rankings'!F:F,20)/$C8,0)) | G8: =IF($C8=0,"",ROUND(100*COUNTIFS('Teacher Rankings'!B:B,$A8,'Teacher Rankings'!A:A,">="&$B$4,'Teacher Rankings'!A:A,"<="&$B$5,'Teacher Rankings'!D:D,20)/$C8,0)) | H8: =IF($C8=0,"",ROUND(100*COUNTIFS('Teacher Rankings'!B:B,$A8,'Teacher Rankings'!A:A,">="&$B$4,'Teacher Rankings'!A:A,"<="&$B$5,'Teacher Rankings'!H:H,20)/$C8,0)) | I8: =IF($C8=0,"",ROUND(100*COUNTIFS('Teacher Rankings'!B:B,$A8,'Teacher Rankings'!A:A,">="&$B$4,'Teacher Rankings'!A:A,"<="&$B$5,'Teacher Rankings'!G:G,20)/$C8,0)) | K8: 1 | L8: =IF($M8="","",INDEX($A$8:$A$207,MATCH($M8,$E$8:$E$207,0))) | M8: =IFERROR(LARGE($E$8:$E$207,1),"") | N8: 1 | O8: =IF($P8="","",INDEX($A$8:$A$207,MATCH($P8,$F$8:$F$207,0))) | P8: =IFERROR(LARGE($F$8:$F$207,1),"") | Q8: 1 | R8: =IF($S8="","",INDEX($A$8:$A$207,MATCH($S8,$G$8:$G$207,0))) | S8: =IFERROR(LARGE($G$8:$G$207,1),"") | T8: 1 | U8: =IF($V8="","",INDEX($A$8:$A$207,MATCH($V8,$H$8:$H$207,0))) | V8: =IFERROR(LARGE($H$8:$H$207,1),"") | W8: 1 | X8: =IF($Y8="","",INDEX($A$8:$A$207,MATCH($Y8,$I$8:$I$207,0))) | Y8: =IFERROR(LARGE($I$8:$I$207,1),"")
A9: =IF(Teachers!A3="","",Teachers!A3) | B9: =IF($A9="","",Teachers!B3) | C9: =IF($A9="","",COUNTIFS('Teacher Rankings'!B:B,$A9,'Teacher Rankings'!A:A,">="&$B$4,'Teacher Rankings'!A:A,"<="&$B$5)) | D9: =IF($C9=0,"",ROUND(AVERAGEIFS('Teacher Rankings'!I:I,'Teacher Rankings'!B:B,$A9,'Teacher Rankings'!A:A,">="&$B$4,'Teacher Rankings'!A:A,"<="&$B$5),0)) | E9: =IF($C9=0,"",IFERROR(INDEX('Teacher Rankings'!I:I,MATCH(1,('Teacher Rankings'!B:B=$A9)*('Teacher Rankings'!A:A=$B$5),0)),0) - IFERROR(INDEX('Teacher Rankings'!I:I,MATCH(1,('Teacher Rankings'!B:B=$A9)*('Teacher Rankings'!A:A=$B$4),0)),0)) | F9: =IF($C9=0,"",ROUND(100*COUNTIFS('Teacher Rankings'!B:B,$A9,'Teacher Rankings'!A:A,">="&$B$4,'Teacher Rankings'!A:A,"<="&$B$5,'Teacher Rankings'!F:F,20)/$C9,0)) | G9: =IF($C9=0,"",ROUND(100*COUNTIFS('Teacher Rankings'!B:B,$A9,'Teacher Rankings'!A:A,">="&$B$4,'Teacher Rankings'!A:A,"<="&$B$5,'Teacher Rankings'!D:D,20)/$C9,0)) | H9: =IF($C9=0,"",ROUND(100*COUNTIFS('Teacher Rankings'!B:B,$A9,'Teacher Rankings'!A:A,">="&$B$4,'Teacher Rankings'!A:A,"<="&$B$5,'Teacher Rankings'!H:H,20)/$C9,0)) | I9: =IF($C9=0,"",ROUND(100*COUNTIFS('Teacher Rankings'!B:B,$A9,'Teacher Rankings'!A:A,">="&$B$4,'Teacher Rankings'!A:A,"<="&$B$5,'Teacher Rankings'!G:G,20)/$C9,0)) | K9: 2 | L9: =IF($M9="","",INDEX($A$8:$A$207,MATCH($M9,$E$8:$E$207,0))) | M9: =IFERROR(LARGE($E$8:$E$207,2),"") | N9: 2 | O9: =IF($P9="","",INDEX($A$8:$A$207,MATCH($P9,$F$8:$F$207,0))) | P9: =IFERROR(LARGE($F$8:$F$207,2),"") | Q9: 2 | R9: =IF($S9="","",INDEX($A$8:$A$207,MATCH($S9,$G$8:$G$207,0))) | S9: =IFERROR(LARGE($G$8:$G$207,2),"") | T9: 2 | U9: =IF($V9="","",INDEX($A$8:$A$207,MATCH($V9,$H$8:$H$207,0))) | V9: =IFERROR(LARGE($H$8:$H$207,2),"") | W9: 2 | X9: =IF($Y9="","",INDEX($A$8:$A$207,MATCH($Y9,$I$8:$I$207,0))) | Y9: =IFERROR(LARGE($I$8:$I$207,2),"")
A10: =IF(Teachers!A4="","",Teachers!A4) | B10: =IF($A10="","",Teachers!B4) | C10: =IF($A10="","",COUNTIFS('Teacher Rankings'!B:B,$A10,'Teacher Rankings'!A:A,">="&$B$4,'Teacher Rankings'!A:A,"<="&$B$5)) | D10: =IF($C10=0,"",ROUND(AVERAGEIFS('Teacher Rankings'!I:I,'Teacher Rankings'!B:B,$A10,'Teacher Rankings'!A:A,">="&$B$4,'Teacher Rankings'!A:A,"<="&$B$5),0)) | E10: =IF($C10=0,"",IFERROR(INDEX('Teacher Rankings'!I:I,MATCH(1,('Teacher Rankings'!B:B=$A10)*('Teacher Rankings'!A:A=$B$5),0)),0) - IFERROR(INDEX('Teacher Rankings'!I:I,MATCH(1,('Teacher Rankings'!B:B=$A10)*('Teacher Rankings'!A:A=$B$4),0)),0)) | F10: =IF($C10=0,"",ROUND(100*COUNTIFS('Teacher Rankings'!B:B,$A10,'Teacher Rankings'!A:A,">="&$B$4,'Teacher Rankings'!A:A,"<="&$B$5,'Teacher Rankings'!F:F,20)/$C10,0)) | G10: =IF($C10=0,"",ROUND(100*COUNTIFS('Teacher Rankings'!B:B,$A10,'Teacher Rankings'!A:A,">="&$B$4,'Teacher Rankings'!A:A,"<="&$B$5,'Teacher Rankings'!D:D,20)/$C10,0)) | H10: =IF($C10=0,"",ROUND(100*COUNTIFS('Teacher Rankings'!B:B,$A10,'Teacher Rankings'!A:A,">="&$B$4,'Teacher Rankings'!A:A,"<="&$B$5,'Teacher Rankings'!H:H,20)/$C10,0)) | I10: =IF($C10=0,"",ROUND(100*COUNTIFS('Teacher Rankings'!B:B,$A10,'Teacher Rankings'!A:A,">="&$B$4,'Teacher Rankings'!A:A,"<="&$B$5,'Teacher Rankings'!G:G,20)/$C10,0)) | K10: 3 | L10: =IF($M10="","",INDEX($A$8:$A$207,MATCH($M10,$E$8:$E$207,0))) | M10: =IFERROR(LARGE($E$8:$E$207,3),"") | N10: 3 | O10: =IF($P10="","",INDEX($A$8:$A$207,MATCH($P10,$F$8:$F$207,0))) | P10: =IFERROR(LARGE($F$8:$F$207,3),"") | Q10: 3 | R10: =IF($S10="","",INDEX($A$8:$A$207,MATCH($S10,$G$8:$G$207,0))) | S10: =IFERROR(LARGE($G$8:$G$207,3),"") | T10: 3 | U10: =IF($V10="","",INDEX($A$8:$A$207,MATCH($V10,$H$8:$H$207,0))) | V10: =IFERROR(LARGE($H$8:$H$207,3),"") | W10: 3 | X10: =IF($Y10="","",INDEX($A$8:$A$207,MATCH($Y10,$I$8:$I$207,0))) | Y10: =IFERROR(LARGE($I$8:$I$207,3),"")
A11: =IF(Teachers!A5="","",Teachers!A5) | B11: =IF($A11="","",Teachers!B5) | C11: =IF($A11="","",COUNTIFS('Teacher Rankings'!B:B,$A11,'Teacher Rankings'!A:A,">="&$B$4,'Teacher Rankings'!A:A,"<="&$B$5)) | D11: =IF($C11=0,"",ROUND(AVERAGEIFS('Teacher Rankings'!I:I,'Teacher Rankings'!B:B,$A11,'Teacher Rankings'!A:A,">="&$B$4,'Teacher Rankings'!A:A,"<="&$B$5),0)) | E11: =IF($C11=0,"",IFERROR(INDEX('Teacher Rankings'!I:I,MATCH(1,('Teacher Rankings'!B:B=$A11)*('Teacher Rankings'!A:A=$B$5),0)),0) - IFERROR(INDEX('Teacher Rankings'!I:I,MATCH(1,('Teacher Rankings'!B:B=$A11)*('Teacher Rankings'!A:A=$B$4),0)),0)) | F11: =IF($C11=0,"",ROUND(100*COUNTIFS('Teacher Rankings'!B:B,$A11,'Teacher Rankings'!A:A,">="&$B$4,'Teacher Rankings'!A:A,"<="&$B$5,'Teacher Rankings'!F:F,20)/$C11,0)) | G11: =IF($C11=0,"",ROUND(100*COUNTIFS('Teacher Rankings'!B:B,$A11,'Teacher Rankings'!A:A,">="&$B$4,'Teacher Rankings'!A:A,"<="&$B$5,'Teacher Rankings'!D:D,20)/$C11,0)) | H11: =IF($C11=0,"",ROUND(100*COUNTIFS('Teacher Rankings'!B:B,$A11,'Teacher Rankings'!A:A,">="&$B$4,'Teacher Rankings'!A:A,"<="&$B$5,'Teacher Rankings'!H:H,20)/$C11,0)) | I11: =IF($C11=0,"",ROUND(100*COUNTIFS('Teacher Rankings'!B:B,$A11,'Teacher Rankings'!A:A,">="&$B$4,'Teacher Rankings'!A:A,"<="&$B$5,'Teacher Rankings'!G:G,20)/$C11,0)) | K11: 4 | L11: =IF($M11="","",INDEX($A$8:$A$207,MATCH($M11,$E$8:$E$207,0))) | M11: =IFERROR(LARGE($E$8:$E$207,4),"") | N11: 4 | O11: =IF($P11="","",INDEX($A$8:$A$207,MATCH($P11,$F$8:$F$207,0))) | P11: =IFERROR(LARGE($F$8:$F$207,4),"") | Q11: 4 | R11: =IF($S11="","",INDEX($A$8:$A$207,MATCH($S11,$G$8:$G$207,0))) | S11: =IFERROR(LARGE($G$8:$G$207,4),"") | T11: 4 | U11: =IF($V11="","",INDEX($A$8:$A$207,MATCH($V11,$H$8:$H$207,0))) | V11: =IFERROR(LARGE($H$8:$H$207,4),"") | W11: 4 | X11: =IF($Y11="","",INDEX($A$8:$A$207,MATCH($Y11,$I$8:$I$207,0))) | Y11: =IFERROR(LARGE($I$8:$I$207,4),"")
A12: =IF(Teachers!A6="","",Teachers!A6) | B12: =IF($A12="","",Teachers!B6) | C12: =IF($A12="","",COUNTIFS('Teacher Rankings'!B:B,$A12,'Teacher Rankings'!A:A,">="&$B$4,'Teacher Rankings'!A:A,"<="&$B$5)) | D12: =IF($C12=0,"",ROUND(AVERAGEIFS('Teacher Rankings'!I:I,'Teacher Rankings'!B:B,$A12,'Teacher Rankings'!A:A,">="&$B$4,'Teacher Rankings'!A:A,"<="&$B$5),0)) | E12: =IF($C12=0,"",IFERROR(INDEX('Teacher Rankings'!I:I,MATCH(1,('Teacher Rankings'!B:B=$A12)*('Teacher Rankings'!A:A=$B$5),0)),0) - IFERROR(INDEX('Teacher Rankings'!I:I,MATCH(1,('Teacher Rankings'!B:B=$A12)*('Teacher Rankings'!A:A=$B$4),0)),0)) | F12: =IF($C12=0,"",ROUND(100*COUNTIFS('Teacher Rankings'!B:B,$A12,'Teacher Rankings'!A:A,">="&$B$4,'Teacher Rankings'!A:A,"<="&$B$5,'Teacher Rankings'!F:F,20)/$C12,0)) | G12: =IF($C12=0,"",ROUND(100*COUNTIFS('Teacher Rankings'!B:B,$A12,'Teacher Rankings'!A:A,">="&$B$4,'Teacher Rankings'!A:A,"<="&$B$5,'Teacher Rankings'!D:D,20)/$C12,0)) | H12: =IF($C12=0,"",ROUND(100*COUNTIFS('Teacher Rankings'!B:B,$A12,'Teacher Rankings'!A:A,">="&$B$4,'Teacher Rankings'!A:A,"<="&$B$5,'Teacher Rankings'!H:H,20)/$C12,0)) | I12: =IF($C12=0,"",ROUND(100*COUNTIFS('Teacher Rankings'!B:B,$A12,'Teacher Rankings'!A:A,">="&$B$4,'Teacher Rankings'!A:A,"<="&$B$5,'Teacher Rankings'!G:G,20)/$C12,0)) | K12: 5 | L12: =IF($M12="","",INDEX($A$8:$A$207,MATCH($M12,$E$8:$E$207,0))) | M12: =IFERROR(LARGE($E$8:$E$207,5),"") | N12: 5 | O12: =IF($P12="","",INDEX($A$8:$A$207,MATCH($P12,$F$8:$F$207,0))) | P12: =IFERROR(LARGE($F$8:$F$207,5),"") | Q12: 5 | R12: =IF($S12="","",INDEX($A$8:$A$207,MATCH($S12,$G$8:$G$207,0))) | S12: =IFERROR(LARGE($G$8:$G$207,5),"") | T12: 5 | U12: =IF($V12="","",INDEX($A$8:$A$207,MATCH($V12,$H$8:$H$207,0))) | V12: =IFERROR(LARGE($H$8:$H$207,5),"") | W12: 5 | X12: =IF($Y12="","",INDEX($A$8:$A$207,MATCH($Y12,$I$8:$I$207,0))) | Y12: =IFERROR(LARGE($I$8:$I$207,5),"")
A13: =IF(Teachers!A7="","",Teachers!A7) | B13: =IF($A13="","",Teachers!B7) | C13: =IF($A13="","",COUNTIFS('Teacher Rankings'!B:B,$A13,'Teacher Rankings'!A:A,">="&$B$4,'Teacher Rankings'!A:A,"<="&$B$5)) | D13: =IF($C13=0,"",ROUND(AVERAGEIFS('Teacher Rankings'!I:I,'Teacher Rankings'!B:B,$A13,'Teacher Rankings'!A:A,">="&$B$4,'Teacher Rankings'!A:A,"<="&$B$5),0)) | E13: =IF($C13=0,"",IFERROR(INDEX('Teacher Rankings'!I:I,MATCH(1,('Teacher Rankings'!B:B=$A13)*('Teacher Rankings'!A:A=$B$5),0)),0) - IFERROR(INDEX('Teacher Rankings'!I:I,MATCH(1,('Teacher Rankings'!B:B=$A13)*('Teacher Rankings'!A:A=$B$4),0)),0)) | F13: =IF($C13=0,"",ROUND(100*COUNTIFS('Teacher Rankings'!B:B,$A13,'Teacher Rankings'!A:A,">="&$B$4,'Teacher Rankings'!A:A,"<="&$B$5,'Teacher Rankings'!F:F,20)/$C13,0)) | G13: =IF($C13=0,"",ROUND(100*COUNTIFS('Teacher Rankings'!B:B,$A13,'Teacher Rankings'!A:A,">="&$B$4,'Teacher Rankings'!A:A,"<="&$B$5,'Teacher Rankings'!D:D,20)/$C13,0)) | H13: =IF($C13=0,"",ROUND(100*COUNTIFS('Teacher Rankings'!B:B,$A13,'Teacher Rankings'!A:A,">="&$B$4,'Teacher Rankings'!A:A,"<="&$B$5,'Teacher Rankings'!H:H,20)/$C13,0)) | I13: =IF($C13=0,"",ROUND(100*COUNTIFS('Teacher Rankings'!B:B,$A13,'Teacher Rankings'!A:A,">="&$B$4,'Teacher Rankings'!A:A,"<="&$B$5,'Teacher Rankings'!G:G,20)/$C13,0))
A14: =IF(Teachers!A8="","",Teachers!A8) | B14: =IF($A14="","",Teachers!B8) | C14: =IF($A14="","",COUNTIFS('Teacher Rankings'!B:B,$A14,'Teacher Rankings'!A:A,">="&$B$4,'Teacher Rankings'!A:A,"<="&$B$5)) | D14: =IF($C14=0,"",ROUND(AVERAGEIFS('Teacher Rankings'!I:I,'Teacher Rankings'!B:B,$A14,'Teacher Rankings'!A:A,">="&$B$4,'Teacher Rankings'!A:A,"<="&$B$5),0)) | E14: =IF($C14=0,"",IFERROR(INDEX('Teacher Rankings'!I:I,MATCH(1,('Teacher Rankings'!B:B=$A14)*('Teacher Rankings'!A:A=$B$5),0)),0) - IFERROR(INDEX('Teacher Rankings'!I:I,MATCH(1,('Teacher Rankings'!B:B=$A14)*('Teacher Rankings'!A:A=$B$4),0)),0)) | F14: =IF($C14=0,"",ROUND(100*COUNTIFS('Teacher Rankings'!B:B,$A14,'Teacher Rankings'!A:A,">="&$B$4,'Teacher Rankings'!A:A,"<="&$B$5,'Teacher Rankings'!F:F,20)/$C14,0)) | G14: =IF($C14=0,"",ROUND(100*COUNTIFS('Teacher Rankings'!B:B,$A14,'Teacher Rankings'!A:A,">="&$B$4,'Teacher Rankings'!A:A,"<="&$B$5,'Teacher Rankings'!D:D,20)/$C14,0)) | H14: =IF($C14=0,"",ROUND(100*COUNTIFS('Teacher Rankings'!B:B,$A14,'Teacher Rankings'!A:A,">="&$B$4,'Teacher Rankings'!A:A,"<="&$B$5,'Teacher Rankings'!H:H,20)/$C14,0)) | I14: =IF($C14=0,"",ROUND(100*COUNTIFS('Teacher Rankings'!B:B,$A14,'Teacher Rankings'!A:A,">="&$B$4,'Teacher Rankings'!A:A,"<="&$B$5,'Teacher Rankings'!G:G,20)/$C14,0))
A15: =IF(Teachers!A9="","",Teachers!A9) | B15: =IF($A15="","",Teachers!B9) | C15: =IF($A15="","",COUNTIFS('Teacher Rankings'!B:B,$A15,'Teacher Rankings'!A:A,">="&$B$4,'Teacher Rankings'!A:A,"<="&$B$5)) | D15: =IF($C15=0,"",ROUND(AVERAGEIFS('Teacher Rankings'!I:I,'Teacher Rankings'!B:B,$A15,'Teacher Rankings'!A:A,">="&$B$4,'Teacher Rankings'!A:A,"<="&$B$5),0)) | E15: =IF($C15=0,"",IFERROR(INDEX('Teacher Rankings'!I:I,MATCH(1,('Teacher Rankings'!B:B=$A15)*('Teacher Rankings'!A:A=$B$5),0)),0) - IFERROR(INDEX('Teacher Rankings'!I:I,MATCH(1,('Teacher Rankings'!B:B=$A15)*('Teacher Rankings'!A:A=$B$4),0)),0)) | F15: =IF($C15=0,"",ROUND(100*COUNTIFS('Teacher Rankings'!B:B,$A15,'Teacher Rankings'!A:A,">="&$B$4,'Teacher Rankings'!A:A,"<="&$B$5,'Teacher Rankings'!F:F,20)/$C15,0)) | G15: =IF($C15=0,"",ROUND(100*COUNTIFS('Teacher Rankings'!B:B,$A15,'Teacher Rankings'!A:A,">="&$B$4,'Teacher Rankings'!A:A,"<="&$B$5,'Teacher Rankings'!D:D,20)/$C15,0)) | H15: =IF($C15=0,"",ROUND(100*COUNTIFS('Teacher Rankings'!B:B,$A15,'Teacher Rankings'!A:A,">="&$B$4,'Teacher Rankings'!A:A,"<="&$B$5,'Teacher Rankings'!H:H,20)/$C15,0)) | I15: =IF($C15=0,"",ROUND(100*COUNTIFS('Teacher Rankings'!B:B,$A15,'Teacher Rankings'!A:A,">="&$B$4,'Teacher Rankings'!A:A,"<="&$B$5,'Teacher Rankings'!G:G,20)/$C15,0))
A16: =IF(Teachers!A10="","",Teachers!A10) | B16: =IF($A16="","",Teachers!B10) | C16: =IF($A16="","",COUNTIFS('Teacher Rankings'!B:B,$A16,'Teacher Rankings'!A:A,">="&$B$4,'Teacher Rankings'!A:A,"<="&$B$5)) | D16: =IF($C16=0,"",ROUND(AVERAGEIFS('Teacher Rankings'!I:I,'Teacher Rankings'!B:B,$A16,'Teacher Rankings'!A:A,">="&$B$4,'Teacher Rankings'!A:A,"<="&$B$5),0)) | E16: =IF($C16=0,"",IFERROR(INDEX('Teacher Rankings'!I:I,MATCH(1,('Teacher Rankings'!B:B=$A16)*('Teacher Rankings'!A:A=$B$5),0)),0) - IFERROR(INDEX('Teacher Rankings'!I:I,MATCH(1,('Teacher Rankings'!B:B=$A16)*('Teacher Rankings'!A:A=$B$4),0)),0)) | F16: =IF($C16=0,"",ROUND(100*COUNTIFS('Teacher Rankings'!B:B,$A16,'Teacher Rankings'!A:A,">="&$B$4,'Teacher Rankings'!A:A,"<="&$B$5,'Teacher Rankings'!F:F,20)/$C16,0)) | G16: =IF($C16=0,"",ROUND(100*COUNTIFS('Teacher Rankings'!B:B,$A16,'Teacher Rankings'!A:A,">="&$B$4,'Teacher Rankings'!A:A,"<="&$B$5,'Teacher Rankings'!D:D,20)/$C16,0)) | H16: =IF($C16=0,"",ROUND(100*COUNTIFS('Teacher Rankings'!B:B,$A16,'Teacher Rankings'!A:A,">="&$B$4,'Teacher Rankings'!A:A,"<="&$B$5,'Teacher Rankings'!H:H,20)/$C16,0)) | I16: =IF($C16=0,"",ROUND(100*COUNTIFS('Teacher Rankings'!B:B,$A16,'Teacher Rankings'!A:A,">="&$B$4,'Teacher Rankings'!A:A,"<="&$B$5,'Teacher Rankings'!G:G,20)/$C16,0))
A17: =IF(Teachers!A11="","",Teachers!A11) | B17: =IF($A17="","",Teachers!B11) | C17: =IF($A17="","",COUNTIFS('Teacher Rankings'!B:B,$A17,'Teacher Rankings'!A:A,">="&$B$4,'Teacher Rankings'!A:A,"<="&$B$5)) | D17: =IF($C17=0,"",ROUND(AVERAGEIFS('Teacher Rankings'!I:I,'Teacher Rankings'!B:B,$A17,'Teacher Rankings'!A:A,">="&$B$4,'Teacher Rankings'!A:A,"<="&$B$5),0)) | E17: =IF($C17=0,"",IFERROR(INDEX('Teacher Rankings'!I:I,MATCH(1,('Teacher Rankings'!B:B=$A17)*('Teacher Rankings'!A:A=$B$5),0)),0) - IFERROR(INDEX('Teacher Rankings'!I:I,MATCH(1,('Teacher Rankings'!B:B=$A17)*('Teacher Rankings'!A:A=$B$4),0)),0)) | F17: =IF($C17=0,"",ROUND(100*COUNTIFS('Teacher Rankings'!B:B,$A17,'Teacher Rankings'!A:A,">="&$B$4,'Teacher Rankings'!A:A,"<="&$B$5,'Teacher Rankings'!F:F,20)/$C17,0)) | G17: =IF($C17=0,"",ROUND(100*COUNTIFS('Teacher Rankings'!B:B,$A17,'Teacher Rankings'!A:A,">="&$B$4,'Teacher Rankings'!A:A,"<="&$B$5,'Teacher Rankings'!D:D,20)/$C17,0)) | H17: =IF($C17=0,"",ROUND(100*COUNTIFS('Teacher Rankings'!B:B,$A17,'Teacher Rankings'!A:A,">="&$B$4,'Teacher Rankings'!A:A,"<="&$B$5,'Teacher Rankings'!H:H,20)/$C17,0)) | I17: =IF($C17=0,"",ROUND(100*COUNTIFS('Teacher Rankings'!B:B,$A17,'Teacher Rankings'!A:A,">="&$B$4,'Teacher Rankings'!A:A,"<="&$B$5,'Teacher Rankings'!G:G,20)/$C17,0))
A18: =IF(Teachers!A12="","",Teachers!A12) | B18: =IF($A18="","",Teachers!B12) | C18: =IF($A18="","",COUNTIFS('Teacher Rankings'!B:B,$A18,'Teacher Rankings'!A:A,">="&$B$4,'Teacher Rankings'!A:A,"<="&$B$5)) | D18: =IF($C18=0,"",ROUND(AVERAGEIFS('Teacher Rankings'!I:I,'Teacher Rankings'!B:B,$A18,'Teacher Rankings'!A:A,">="&$B$4,'Teacher Rankings'!A:A,"<="&$B$5),0)) | E18: =IF($C18=0,"",IFERROR(INDEX('Teacher Rankings'!I:I,MATCH(1,('Teacher Rankings'!B:B=$A18)*('Teacher Rankings'!A:A=$B$5),0)),0) - IFERROR(INDEX('Teacher Rankings'!I:I,MATCH(1,('Teacher Rankings'!B:B=$A18)*('Teacher Rankings'!A:A=$B$4),0)),0)) | F18: =IF($C18=0,"",ROUND(100*COUNTIFS('Teacher Rankings'!B:B,$A18,'Teacher Rankings'!A:A,">="&$B$4,'Teacher Rankings'!A:A,"<="&$B$5,'Teacher Rankings'!F:F,20)/$C18,0)) | G18: =IF($C18=0,"",ROUND(100*COUNTIFS('Teacher Rankings'!B:B,$A18,'Teacher Rankings'!A:A,">="&$B$4,'Teacher Rankings'!A:A,"<="&$B$5,'Teacher Rankings'!D:D,20)/$C18,0)) | H18: =IF($C18=0,"",ROUND(100*COUNTIFS('Teacher Rankings'!B:B,$A18,'Teacher Rankings'!A:A,">="&$B$4,'Teacher Rankings'!A:A,"<="&$B$5,'Teacher Rankings'!H:H,20)/$C18,0)) | I18: =IF($C18=0,"",ROUND(100*COUNTIFS('Teacher Rankings'!B:B,$A18,'Teacher Rankings'!A:A,">="&$B$4,'Teacher Rankings'!A:A,"<="&$B$5,'Teacher Rankings'!G:G,20)/$C18,0))
A19: =IF(Teachers!A13="","",Teachers!A13) | B19: =IF($A19="","",Teachers!B13) | C19: =IF($A19="","",COUNTIFS('Teacher Rankings'!B:B,$A19,'Teacher Rankings'!A:A,">="&$B$4,'Teacher Rankings'!A:A,"<="&$B$5)) | D19: =IF($C19=0,"",ROUND(AVERAGEIFS('Teacher Rankings'!I:I,'Teacher Rankings'!B:B,$A19,'Teacher Rankings'!A:A,">="&$B$4,'Teacher Rankings'!A:A,"<="&$B$5),0)) | E19: =IF($C19=0,"",IFERROR(INDEX('Teacher Rankings'!I:I,MATCH(1,('Teacher Rankings'!B:B=$A19)*('Teacher Rankings'!A:A=$B$5),0)),0) - IFERROR(INDEX('Teacher Rankings'!I:I,MATCH(1,('Teacher Rankings'!B:B=$A19)*('Teacher Rankings'!A:A=$B$4),0)),0)) | F19: =IF($C19=0,"",ROUND(100*COUNTIFS('Teacher Rankings'!B:B,$A19,'Teacher Rankings'!A:A,">="&$B$4,'Teacher Rankings'!A:A,"<="&$B$5,'Teacher Rankings'!F:F,20)/$C19,0)) | G19: =IF($C19=0,"",ROUND(100*COUNTIFS('Teacher Rankings'!B:B,$A19,'Teacher Rankings'!A:A,">="&$B$4,'Teacher Rankings'!A:A,"<="&$B$5,'Teacher Rankings'!D:D,20)/$C19,0)) | H19: =IF($C19=0,"",ROUND(100*COUNTIFS('Teacher Rankings'!B:B,$A19,'Teacher Rankings'!A:A,">="&$B$4,'Teacher Rankings'!A:A,"<="&$B$5,'Teacher Rankings'!H:H,20)/$C19,0)) | I19: =IF($C19=0,"",ROUND(100*COUNTIFS('Teacher Rankings'!B:B,$A19,'Teacher Rankings'!A:A,">="&$B$4,'Teacher Rankings'!A:A,"<="&$B$5,'Teacher Rankings'!G:G,20)/$C19,0))
A20: =IF(Teachers!A14="","",Teachers!A14) | B20: =IF($A20="","",Teachers!B14) | C20: =IF($A20="","",COUNTIFS('Teacher Rankings'!B:B,$A20,'Teacher Rankings'!A:A,">="&$B$4,'Teacher Rankings'!A:A,"<="&$B$5)) | D20: =IF($C20=0,"",ROUND(AVERAGEIFS('Teacher Rankings'!I:I,'Teacher Rankings'!B:B,$A20,'Teacher Rankings'!A:A,">="&$B$4,'Teacher Rankings'!A:A,"<="&$B$5),0)) | E20: =IF($C20=0,"",IFERROR(INDEX('Teacher Rankings'!I:I,MATCH(1,('Teacher Rankings'!B:B=$A20)*('Teacher Rankings'!A:A=$B$5),0)),0) - IFERROR(INDEX('Teacher Rankings'!I:I,MATCH(1,('Teacher Rankings'!B:B=$A20)*('Teacher Rankings'!A:A=$B$4),0)),0)) | F20: =IF($C20=0,"",ROUND(100*COUNTIFS('Teacher Rankings'!B:B,$A20,'Teacher Rankings'!A:A,">="&$B$4,'Teacher Rankings'!A:A,"<="&$B$5,'Teacher Rankings'!F:F,20)/$C20,0)) | G20: =IF($C20=0,"",ROUND(100*COUNTIFS('Teacher Rankings'!B:B,$A20,'Teacher Rankings'!A:A,">="&$B$4,'Teacher Rankings'!A:A,"<="&$B$5,'Teacher Rankings'!D:D,20)/$C20,0)) | H20: =IF($C20=0,"",ROUND(100*COUNTIFS('Teacher Rankings'!B:B,$A20,'Teacher Rankings'!A:A,">="&$B$4,'Teacher Rankings'!A:A,"<="&$B$5,'Teacher Rankings'!H:H,20)/$C20,0)) | I20: =IF($C20=0,"",ROUND(100*COUNTIFS('Teacher Rankings'!B:B,$A20,'Teacher Rankings'!A:A,">="&$B$4,'Teacher Rankings'!A:A,"<="&$B$5,'Teacher Rankings'!G:G,20)/$C20,0))
A21: =IF(Teachers!A15="","",Teachers!A15) | B21: =IF($A21="","",Teachers!B15) | C21: =IF($A21="","",COUNTIFS('Teacher Rankings'!B:B,$A21,'Teacher Rankings'!A:A,">="&$B$4,'Teacher Rankings'!A:A,"<="&$B$5)) | D21: =IF($C21=0,"",ROUND(AVERAGEIFS('Teacher Rankings'!I:I,'Teacher Rankings'!B:B,$A21,'Teacher Rankings'!A:A,">="&$B$4,'Teacher Rankings'!A:A,"<="&$B$5),0)) | E21: =IF($C21=0,"",IFERROR(INDEX('Teacher Rankings'!I:I,MATCH(1,('Teacher Rankings'!B:B=$A21)*('Teacher Rankings'!A:A=$B$5),0)),0) - IFERROR(INDEX('Teacher Rankings'!I:I,MATCH(1,('Teacher Rankings'!B:B=$A21)*('Teacher Rankings'!A:A=$B$4),0)),0)) | F21: =IF($C21=0,"",ROUND(100*COUNTIFS('Teacher Rankings'!B:B,$A21,'Teacher Rankings'!A:A,">="&$B$4,'Teacher Rankings'!A:A,"<="&$B$5,'Teacher Rankings'!F:F,20)/$C21,0)) | G21: =IF($C21=0,"",ROUND(100*COUNTIFS('Teacher Rankings'!B:B,$A21,'Teacher Rankings'!A:A,">="&$B$4,'Teacher Rankings'!A:A,"<="&$B$5,'Teacher Rankings'!D:D,20)/$C21,0)) | H21: =IF($C21=0,"",ROUND(100*COUNTIFS('Teacher Rankings'!B:B,$A21,'Teacher Rankings'!A:A,">="&$B$4,'Teacher Rankings'!A:A,"<="&$B$5,'Teacher Rankings'!H:H,20)/$C21,0)) | I21: =IF($C21=0,"",ROUND(100*COUNTIFS('Teacher Rankings'!B:B,$A21,'Teacher Rankings'!A:A,">="&$B$4,'Teacher Rankings'!A:A,"<="&$B$5,'Teacher Rankings'!G:G,20)/$C21,0))
A22: =IF(Teachers!A16="","",Teachers!A16) | B22: =IF($A22="","",Teachers!B16) | C22: =IF($A22="","",COUNTIFS('Teacher Rankings'!B:B,$A22,'Teacher Rankings'!A:A,">="&$B$4,'Teacher Rankings'!A:A,"<="&$B$5)) | D22: =IF($C22=0,"",ROUND(AVERAGEIFS('Teacher Rankings'!I:I,'Teacher Rankings'!B:B,$A22,'Teacher Rankings'!A:A,">="&$B$4,'Teacher Rankings'!A:A,"<="&$B$5),0)) | E22: =IF($C22=0,"",IFERROR(INDEX('Teacher Rankings'!I:I,MATCH(1,('Teacher Rankings'!B:B=$A22)*('Teacher Rankings'!A:A=$B$5),0)),0) - IFERROR(INDEX('Teacher Rankings'!I:I,MATCH(1,('Teacher Rankings'!B:B=$A22)*('Teacher Rankings'!A:A=$B$4),0)),0)) | F22: =IF($C22=0,"",ROUND(100*COUNTIFS('Teacher Rankings'!B:B,$A22,'Teacher Rankings'!A:A,">="&$B$4,'Teacher Rankings'!A:A,"<="&$B$5,'Teacher Rankings'!F:F,20)/$C22,0)) | G22: =IF($C22=0,"",ROUND(100*COUNTIFS('Teacher Rankings'!B:B,$A22,'Teacher Rankings'!A:A,">="&$B$4,'Teacher Rankings'!A:A,"<="&$B$5,'Teacher Rankings'!D:D,20)/$C22,0)) | H22: =IF($C22=0,"",ROUND(100*COUNTIFS('Teacher Rankings'!B:B,$A22,'Teacher Rankings'!A:A,">="&$B$4,'Teacher Rankings'!A:A,"<="&$B$5,'Teacher Rankings'!H:H,20)/$C22,0)) | I22: =IF($C22=0,"",ROUND(100*COUNTIFS('Teacher Rankings'!B:B,$A22,'Teacher Rankings'!A:A,">="&$B$4,'Teacher Rankings'!A:A,"<="&$B$5,'Teacher Rankings'!G:G,20)/$C22,0))
A23: =IF(Teachers!A17="","",Teachers!A17) | B23: =IF($A23="","",Teachers!B17) | C23: =IF($A23="","",COUNTIFS('Teacher Rankings'!B:B,$A23,'Teacher Rankings'!A:A,">="&$B$4,'Teacher Rankings'!A:A,"<="&$B$5)) | D23: =IF($C23=0,"",ROUND(AVERAGEIFS('Teacher Rankings'!I:I,'Teacher Rankings'!B:B,$A23,'Teacher Rankings'!A:A,">="&$B$4,'Teacher Rankings'!A:A,"<="&$B$5),0)) | E23: =IF($C23=0,"",IFERROR(INDEX('Teacher Rankings'!I:I,MATCH(1,('Teacher Rankings'!B:B=$A23)*('Teacher Rankings'!A:A=$B$5),0)),0) - IFERROR(INDEX('Teacher Rankings'!I:I,MATCH(1,('Teacher Rankings'!B:B=$A23)*('Teacher Rankings'!A:A=$B$4),0)),0)) | F23: =IF($C23=0,"",ROUND(100*COUNTIFS('Teacher Rankings'!B:B,$A23,'Teacher Rankings'!A:A,">="&$B$4,'Teacher Rankings'!A:A,"<="&$B$5,'Teacher Rankings'!F:F,20)/$C23,0)) | G23: =IF($C23=0,"",ROUND(100*COUNTIFS('Teacher Rankings'!B:B,$A23,'Teacher Rankings'!A:A,">="&$B$4,'Teacher Rankings'!A:A,"<="&$B$5,'Teacher Rankings'!D:D,20)/$C23,0)) | H23: =IF($C23=0,"",ROUND(100*COUNTIFS('Teacher Rankings'!B:B,$A23,'Teacher Rankings'!A:A,">="&$B$4,'Teacher Rankings'!A:A,"<="&$B$5,'Teacher Rankings'!H:H,20)/$C23,0)) | I23: =IF($C23=0,"",ROUND(100*COUNTIFS('Teacher Rankings'!B:B,$A23,'Teacher Rankings'!A:A,">="&$B$4,'Teacher Rankings'!A:A,"<="&$B$5,'Teacher Rankings'!G:G,20)/$C23,0))
A24: =IF(Teachers!A18="","",Teachers!A18) | B24: =IF($A24="","",Teachers!B18) | C24: =IF($A24="","",COUNTIFS('Teacher Rankings'!B:B,$A24,'Teacher Rankings'!A:A,">="&$B$4,'Teacher Rankings'!A:A,"<="&$B$5)) | D24: =IF($C24=0,"",ROUND(AVERAGEIFS('Teacher Rankings'!I:I,'Teacher Rankings'!B:B,$A24,'Teacher Rankings'!A:A,">="&$B$4,'Teacher Rankings'!A:A,"<="&$B$5),0)) | E24: =IF($C24=0,"",IFERROR(INDEX('Teacher Rankings'!I:I,MATCH(1,('Teacher Rankings'!B:B=$A24)*('Teacher Rankings'!A:A=$B$5),0)),0) - IFERROR(INDEX('Teacher Rankings'!I:I,MATCH(1,('Teacher Rankings'!B:B=$A24)*('Teacher Rankings'!A:A=$B$4),0)),0)) | F24: =IF($C24=0,"",ROUND(100*COUNTIFS('Teacher Rankings'!B:B,$A24,'Teacher Rankings'!A:A,">="&$B$4,'Teacher Rankings'!A:A,"<="&$B$5,'Teacher Rankings'!F:F,20)/$C24,0)) | G24: =IF($C24=0,"",ROUND(100*COUNTIFS('Teacher Rankings'!B:B,$A24,'Teacher Rankings'!A:A,">="&$B$4,'Teacher Rankings'!A:A,"<="&$B$5,'Teacher Rankings'!D:D,20)/$C24,0)) | H24: =IF($C24=0,"",ROUND(100*COUNTIFS('Teacher Rankings'!B:B,$A24,'Teacher Rankings'!A:A,">="&$B$4,'Teacher Rankings'!A:A,"<="&$B$5,'Teacher Rankings'!H:H,20)/$C24,0)) | I24: =IF($C24=0,"",ROUND(100*COUNTIFS('Teacher Rankings'!B:B,$A24,'Teacher Rankings'!A:A,">="&$B$4,'Teacher Rankings'!A:A,"<="&$B$5,'Teacher Rankings'!G:G,20)/$C24,0))
... A207: =IF(Teachers!A201="","",Teachers!A201) | B207: =IF($A207="","",Teachers!B201) | C207: =IF($A207="","",COUNTIFS('Teacher Rankings'!B:B,$A207,'Teacher Rankings'!A:A,">="&$B$4,'Teacher Rankings'!A:A,"<="&$B$5)) | D207: =IF($C207=0,"",ROUND(AVERAGEIFS('Teacher Rankings'!I:I,'Teacher Rankings'!B:B,$A207,'Teacher Rankings'!A:A,">="&$B$4,'Teacher Rankings'!A:A,"<="&$B$5),0)) | E207: =IF($C207=0,"",IFERROR(INDEX('Teacher Rankings'!I:I,MATCH(1,('Teacher Rankings'!B:B=$A207)*('Teacher Rankings'!A:A=$B$5),0)),0) - IFERROR(INDEX('Teacher Rankings'!I:I,MATCH(1,('Teacher Rankings'!B:B=$A207)*('Teacher Rankings'!A:A=$B$4),0)),0)) | F207: =IF($C207=0,"",ROUND(100*COUNTIFS('Teacher Rankings'!B:B,$A207,'Teacher Rankings'!A:A,">="&$B$4,'Teacher Rankings'!A:A,"<="&$B$5,'Teacher Rankings'!F:F,20)/$C207,0)) | G207: =IF($C207=0,"",ROUND(100*COUNTIFS('Teacher Rankings'!B:B,$A207,'Teacher Rankings'!A:A,">="&$B$4,'Teacher Rankings'!A:A,"<="&$B$5,'Teacher Rankings'!D:D,20)/$C207,0)) | H207: =IF($C207=0,"",ROUND(100*COUNTIFS('Teacher Rankings'!B:B,$A207,'Teacher Rankings'!A:A,">="&$B$4,'Teacher Rankings'!A:A,"<="&$B$5,'Teacher Rankings'!H:H,20)/$C207,0)) | I207: =IF($C207=0,"",ROUND(100*COUNTIFS('Teacher Rankings'!B:B,$A207,'Teacher Rankings'!A:A,">="&$B$4,'Teacher Rankings'!A:A,"<="&$B$5,'Teacher Rankings'!G:G,20)/$C207,0))
A210: Tip: Fill Teachers sheet once. Weekly entries in 'Teacher Rankings' drive these award categories automatically.

Sheet Campus & Dept Awards
A1: ROYAL KINGS PREMIER SCHOOL
A2: CAMPUS & DEPARTMENT (SUBJECT) AWARDS
A4: Term Start (Week 1 Ending Date) | B4: =INDEX('Term Summary'!B:B,2)
A5: Term End (Week 14 Ending Date) | B5: =INDEX('Term Summary'!B:B,15)
A7: CAMPUS AWARDS
A9: Campus | B9: Start Score (Wk1) | C9: End Score (Wk14) | D9: Improvement (End-Start)
A10: Upper | B10: =INDEX('Term Summary'!J:J,2) | C10: =INDEX('Term Summary'!J:J,15) | D10: =C10-B10
A11: Lower | B11: =INDEX('Term Summary'!K:K,2) | C11: =INDEX('Term Summary'!K:K,15) | D11: =C11-B11
A13: Most Improved Campus | B13: =IF(D10>D11,"Upper",IF(D11>D10,"Lower","Tie")) | C13: Improvement | D13: =MAX(D10,D11)
A14: Best Performing Campus (End of Term) | B14: =IF(C10>C11,"Upper",IF(C11>C10,"Lower","Tie")) | C14: End Score | D14: =MAX(C10,C11)
A16: DEPARTMENT / SUBJECT AWARDS (TERM)
A18: Subject (enter once) | B18: Total Entries | C18: On Track % | D18: Slightly Behind % | E18: Behind % | F18: Best Coverage Score (OnTrack - Behind) | H18: BEST PERFORMING DEPARTMENTS (TOP 5)
B19: =IF($A19="","",COUNTIFS('Subject Reports'!C:C,$A19,'Subject Reports'!A:A,">="&$B$4,'Subject Reports'!A:A,"<="&$B$5)) | C19: =IF($B19=0,"",ROUND(100*COUNTIFS('Subject Reports'!C:C,$A19,'Subject Reports'!A:A,">="&$B$4,'Subject Reports'!A:A,"<="&$B$5,'Subject Reports'!G:G,"On Track")/$B19,0)) | D19: =IF($B19=0,"",ROUND(100*COUNTIFS('Subject Reports'!C:C,$A19,'Subject Reports'!A:A,">="&$B$4,'Subject Reports'!A:A,"<="&$B$5,'Subject Reports'!G:G,"Slightly Behind")/$B19,0)) | E19: =IF($B19=0,"",ROUND(100*COUNTIFS('Subject Reports'!C:C,$A19,'Subject Reports'!A:A,">="&$B$4,'Subject Reports'!A:A,"<="&$B$5,'Subject Reports'!G:G,"Behind")/$B19,0)) | F19: =IF($B19=0,"",C19-E19)
B20: =IF($A20="","",COUNTIFS('Subject Reports'!C:C,$A20,'Subject Reports'!A:A,">="&$B$4,'Subject Reports'!A:A,"<="&$B$5)) | C20: =IF($B20=0,"",ROUND(100*COUNTIFS('Subject Reports'!C:C,$A20,'Subject Reports'!A:A,">="&$B$4,'Subject Reports'!A:A,"<="&$B$5,'Subject Reports'!G:G,"On Track")/$B20,0)) | D20: =IF($B20=0,"",ROUND(100*COUNTIFS('Subject Reports'!C:C,$A20,'Subject Reports'!A:A,">="&$B$4,'Subject Reports'!A:A,"<="&$B$5,'Subject Reports'!G:G,"Slightly Behind")/$B20,0)) | E20: =IF($B20=0,"",ROUND(100*COUNTIFS('Subject Reports'!C:C,$A20,'Subject Reports'!A:A,">="&$B$4,'Subject Reports'!A:A,"<="&$B$5,'Subject Reports'!G:G,"Behind")/$B20,0)) | F20: =IF($B20=0,"",C20-E20) | H20: Rank | I20: Subject | J20: Coverage Score | K20: On Track % | L20: Behind %
B21: =IF($A21="","",COUNTIFS('Subject Reports'!C:C,$A21,'Subject Reports'!A:A,">="&$B$4,'Subject Reports'!A:A,"<="&$B$5)) | C21: =IF($B21=0,"",ROUND(100*COUNTIFS('Subject Reports'!C:C,$A21,'Subject Reports'!A:A,">="&$B$4,'Subject Reports'!A:A,"<="&$B$5,'Subject Reports'!G:G,"On Track")/$B21,0)) | D21: =IF($B21=0,"",ROUND(100*COUNTIFS('Subject Reports'!C:C,$A21,'Subject Reports'!A:A,">="&$B$4,'Subject Reports'!A:A,"<="&$B$5,'Subject Reports'!G:G,"Slightly Behind")/$B21,0)) | E21: =IF($B21=0,"",ROUND(100*COUNTIFS('Subject Reports'!C:C,$A21,'Subject Reports'!A:A,">="&$B$4,'Subject Reports'!A:A,"<="&$B$5,'Subject Reports'!G:G,"Behind")/$B21,0)) | F21: =IF($B21=0,"",C21-E21) | H21: 1 | I21: =IF($J21="","",INDEX($A$19:$A$78,MATCH($J21,$F$19:$F$78,0))) | J21: =IFERROR(LARGE($F$19:$F$78,1),"") | K21: =IF($I21="","",INDEX($C$19:$C$78,MATCH($J21,$F$19:$F$78,0))) | L21: =IF($I21="","",INDEX($E$19:$E$78,MATCH($J21,$F$19:$F$78,0)))
B22: =IF($A22="","",COUNTIFS('Subject Reports'!C:C,$A22,'Subject Reports'!A:A,">="&$B$4,'Subject Reports'!A:A,"<="&$B$5)) | C22: =IF($B22=0,"",ROUND(100*COUNTIFS('Subject Reports'!C:C,$A22,'Subject Reports'!A:A,">="&$B$4,'Subject Reports'!A:A,"<="&$B$5,'Subject Reports'!G:G,"On Track")/$B22,0)) | D22: =IF($B22=0,"",ROUND(100*COUNTIFS('Subject Reports'!C:C,$A22,'Subject Reports'!A:A,">="&$B$4,'Subject Reports'!A:A,"<="&$B$5,'Subject Reports'!G:G,"Slightly Behind")/$B22,0)) | E22: =IF($B22=0,"",ROUND(100*COUNTIFS('Subject Reports'!C:C,$A22,'Subject Reports'!A:A,">="&$B$4,'Subject Reports'!A:A,"<="&$B$5,'Subject Reports'!G:G,"Behind")/$B22,0)) | F22: =IF($B22=0,"",C22-E22) | H22: 2 | I22: =IF($J22="","",INDEX($A$19:$A$78,MATCH($J22,$F$19:$F$78,0))) | J22: =IFERROR(LARGE($F$19:$F$78,2),"") | K22: =IF($I22="","",INDEX($C$19:$C$78,MATCH($J22,$F$19:$F$78,0))) | L22: =IF($I22="","",INDEX($E$19:$E$78,MATCH($J22,$F$19:$F$78,0)))
B23: =IF($A23="","",COUNTIFS('Subject Reports'!C:C,$A23,'Subject Reports'!A:A,">="&$B$4,'Subject Reports'!A:A,"<="&$B$5)) | C23: =IF($B23=0,"",ROUND(100*COUNTIFS('Subject Reports'!C:C,$A23,'Subject Reports'!A:A,">="&$B$4,'Subject Reports'!A:A,"<="&$B$5,'Subject Reports'!G:G,"On Track")/$B23,0)) | D23: =IF($B23=0,"",ROUND(100*COUNTIFS('Subject Reports'!C:C,$A23,'Subject Reports'!A:A,">="&$B$4,'Subject Reports'!A:A,"<="&$B$5,'Subject Reports'!G:G,"Slightly Behind")/$B23,0)) | E23: =IF($B23=0,"",ROUND(100*COUNTIFS('Subject Reports'!C:C,$A23,'Subject Reports'!A:A,">="&$B$4,'Subject Reports'!A:A,"<="&$B$5,'Subject Reports'!G:G,"Behind")/$B23,0)) | F23: =IF($B23=0,"",C23-E23) | H23: 3 | I23: =IF($J23="","",INDEX($A$19:$A$78,MATCH($J23,$F$19:$F$78,0))) | J23: =IFERROR(LARGE($F$19:$F$78,3),"") | K23: =IF($I23="","",INDEX($C$19:$C$78,MATCH($J23,$F$19:$F$78,0))) | L23: =IF($I23="","",INDEX($E$19:$E$78,MATCH($J23,$F$19:$F$78,0)))
B24: =IF($A24="","",COUNTIFS('Subject Reports'!C:C,$A24,'Subject Reports'!A:A,">="&$B$4,'Subject Reports'!A:A,"<="&$B$5)) | C24: =IF($B24=0,"",ROUND(100*COUNTIFS('Subject Reports'!C:C,$A24,'Subject Reports'!A:A,">="&$B$4,'Subject Reports'!A:A,"<="&$B$5,'Subject Reports'!G:G,"On Track")/$B24,0)) | D24: =IF($B24=0,"",ROUND(100*COUNTIFS('Subject Reports'!C:C,$A24,'Subject Reports'!A:A,">="&$B$4,'Subject Reports'!A:A,"<="&$B$5,'Subject Reports'!G:G,"Slightly Behind")/$B24,0)) | E24: =IF($B24=0,"",ROUND(100*COUNTIFS('Subject Reports'!C:C,$A24,'Subject Reports'!A:A,">="&$B$4,'Subject Reports'!A:A,"<="&$B$5,'Subject Reports'!G:G,"Behind")/$B24,0)) | F24: =IF($B24=0,"",C24-E24) | H24: 4 | I24: =IF($J24="","",INDEX($A$19:$A$78,MATCH($J24,$F$19:$F$78,0))) | J24: =IFERROR(LARGE($F$19:$F$78,4),"") | K24: =IF($I24="","",INDEX($C$19:$C$78,MATCH($J24,$F$19:$F$78,0))) | L24: =IF($I24="","",INDEX($E$19:$E$78,MATCH($J24,$F$19:$F$78,0)))
B25: =IF($A25="","",COUNTIFS('Subject Reports'!C:C,$A25,'Subject Reports'!A:A,">="&$B$4,'Subject Reports'!A:A,"<="&$B$5)) | C25: =IF($B25=0,"",ROUND(100*COUNTIFS('Subject Reports'!C:C,$A25,'Subject Reports'!A:A,">="&$B$4,'Subject Reports'!A:A,"<="&$B$5,'Subject Reports'!G:G,"On Track")/$B25,0)) | D25: =IF($B25=0,"",ROUND(100*COUNTIFS('Subject Reports'!C:C,$A25,'Subject Reports'!A:A,">="&$B$4,'Subject Reports'!A:A,"<="&$B$5,'Subject Reports'!G:G,"Slightly Behind")/$B25,0)) | E25: =IF($B25=0,"",ROUND(100*COUNTIFS('Subject Reports'!C:C,$A25,'Subject Reports'!A:A,">="&$B$4,'Subject Reports'!A:A,"<="&$B$5,'Subject Reports'!G:G,"Behind")/$B25,0)) | F25: =IF($B25=0,"",C25-E25) | H25: 5 | I25: =IF($J25="","",INDEX($A$19:$A$78,MATCH($J25,$F$19:$F$78,0))) | J25: =IFERROR(LARGE($F$19:$F$78,5),"") | K25: =IF($I25="","",INDEX($C$19:$C$78,MATCH($J25,$F$19:$F$78,0))) | L25: =IF($I25="","",INDEX($E$19:$E$78,MATCH($J25,$F$19:$F$78,0)))
B26: =IF($A26="","",COUNTIFS('Subject Reports'!C:C,$A26,'Subject Reports'!A:A,">="&$B$4,'Subject Reports'!A:A,"<="&$B$5)) | C26: =IF($B26=0,"",ROUND(100*COUNTIFS('Subject Reports'!C:C,$A26,'Subject Reports'!A:A,">="&$B$4,'Subject Reports'!A:A,"<="&$B$5,'Subject Reports'!G:G,"On Track")/$B26,0)) | D26: =IF($B26=0,"",ROUND(100*COUNTIFS('Subject Reports'!C:C,$A26,'Subject Reports'!A:A,">="&$B$4,'Subject Reports'!A:A,"<="&$B$5,'Subject Reports'!G:G,"Slightly Behind")/$B26,0)) | E26: =IF($B26=0,"",ROUND(100*COUNTIFS('Subject Reports'!C:C,$A26,'Subject Reports'!A:A,">="&$B$4,'Subject Reports'!A:A,"<="&$B$5,'Subject Reports'!G:G,"Behind")/$B26,0)) | F26: =IF($B26=0,"",C26-E26)
B27: =IF($A27="","",COUNTIFS('Subject Reports'!C:C,$A27,'Subject Reports'!A:A,">="&$B$4,'Subject Reports'!A:A,"<="&$B$5)) | C27: =IF($B27=0,"",ROUND(100*COUNTIFS('Subject Reports'!C:C,$A27,'Subject Reports'!A:A,">="&$B$4,'Subject Reports'!A:A,"<="&$B$5,'Subject Reports'!G:G,"On Track")/$B27,0)) | D27: =IF($B27=0,"",ROUND(100*COUNTIFS('Subject Reports'!C:C,$A27,'Subject Reports'!A:A,">="&$B$4,'Subject Reports'!A:A,"<="&$B$5,'Subject Reports'!G:G,"Slightly Behind")/$B27,0)) | E27: =IF($B27=0,"",ROUND(100*COUNTIFS('Subject Reports'!C:C,$A27,'Subject Reports'!A:A,">="&$B$4,'Subject Reports'!A:A,"<="&$B$5,'Subject Reports'!G:G,"Behind")/$B27,0)) | F27: =IF($B27=0,"",C27-E27)
B28: =IF($A28="","",COUNTIFS('Subject Reports'!C:C,$A28,'Subject Reports'!A:A,">="&$B$4,'Subject Reports'!A:A,"<="&$B$5)) | C28: =IF($B28=0,"",ROUND(100*COUNTIFS('Subject Reports'!C:C,$A28,'Subject Reports'!A:A,">="&$B$4,'Subject Reports'!A:A,"<="&$B$5,'Subject Reports'!G:G,"On Track")/$B28,0)) | D28: =IF($B28=0,"",ROUND(100*COUNTIFS('Subject Reports'!C:C,$A28,'Subject Reports'!A:A,">="&$B$4,'Subject Reports'!A:A,"<="&$B$5,'Subject Reports'!G:G,"Slightly Behind")/$B28,0)) | E28: =IF($B28=0,"",ROUND(100*COUNTIFS('Subject Reports'!C:C,$A28,'Subject Reports'!A:A,">="&$B$4,'Subject Reports'!A:A,"<="&$B$5,'Subject Reports'!G:G,"Behind")/$B28,0)) | F28: =IF($B28=0,"",C28-E28)
B29: =IF($A29="","",COUNTIFS('Subject Reports'!C:C,$A29,'Subject Reports'!A:A,">="&$B$4,'Subject Reports'!A:A,"<="&$B$5)) | C29: =IF($B29=0,"",ROUND(100*COUNTIFS('Subject Reports'!C:C,$A29,'Subject Reports'!A:A,">="&$B$4,'Subject Reports'!A:A,"<="&$B$5,'Subject Reports'!G:G,"On Track")/$B29,0)) | D29: =IF($B29=0,"",ROUND(100*COUNTIFS('Subject Reports'!C:C,$A29,'Subject Reports'!A:A,">="&$B$4,'Subject Reports'!A:A,"<="&$B$5,'Subject Reports'!G:G,"Slightly Behind")/$B29,0)) | E29: =IF($B29=0,"",ROUND(100*COUNTIFS('Subject Reports'!C:C,$A29,'Subject Reports'!A:A,">="&$B$4,'Subject Reports'!A:A,"<="&$B$5,'Subject Reports'!G:G,"Behind")/$B29,0)) | F29: =IF($B29=0,"",C29-E29)
B30: =IF($A30="","",COUNTIFS('Subject Reports'!C:C,$A30,'Subject Reports'!A:A,">="&$B$4,'Subject Reports'!A:A,"<="&$B$5)) | C30: =IF($B30=0,"",ROUND(100*COUNTIFS('Subject Reports'!C:C,$A30,'Subject Reports'!A:A,">="&$B$4,'Subject Reports'!A:A,"<="&$B$5,'Subject Reports'!G:G,"On Track")/$B30,0)) | D30: =IF($B30=0,"",ROUND(100*COUNTIFS('Subject Reports'!C:C,$A30,'Subject Reports'!A:A,">="&$B$4,'Subject Reports'!A:A,"<="&$B$5,'Subject Reports'!G:G,"Slightly Behind")/$B30,0)) | E30: =IF($B30=0,"",ROUND(100*COUNTIFS('Subject Reports'!C:C,$A30,'Subject Reports'!A:A,">="&$B$4,'Subject Reports'!A:A,"<="&$B$5,'Subject Reports'!G:G,"Behind")/$B30,0)) | F30: =IF($B30=0,"",C30-E30)
B31: =IF($A31="","",COUNTIFS('Subject Reports'!C:C,$A31,'Subject Reports'!A:A,">="&$B$4,'Subject Reports'!A:A,"<="&$B$5)) | C31: =IF($B31=0,"",ROUND(100*COUNTIFS('Subject Reports'!C:C,$A31,'Subject Reports'!A:A,">="&$B$4,'Subject Reports'!A:A,"<="&$B$5,'Subject Reports'!G:G,"On Track")/$B31,0)) | D31: =IF($B31=0,"",ROUND(100*COUNTIFS('Subject Reports'!C:C,$A31,'Subject Reports'!A:A,">="&$B$4,'Subject Reports'!A:A,"<="&$B$5,'Subject Reports'!G:G,"Slightly Behind")/$B31,0)) | E31: =IF($B31=0,"",ROUND(100*COUNTIFS('Subject Reports'!C:C,$A31,'Subject Reports'!A:A,">="&$B$4,'Subject Reports'!A:A,"<="&$B$5,'Subject Reports'!G:G,"Behind")/$B31,0)) | F31: =IF($B31=0,"",C31-E31)
B32: =IF($A32="","",COUNTIFS('Subject Reports'!C:C,$A32,'Subject Reports'!A:A,">="&$B$4,'Subject Reports'!A:A,"<="&$B$5)) | C32: =IF($B32=0,"",ROUND(100*COUNTIFS('Subject Reports'!C:C,$A32,'Subject Reports'!A:A,">="&$B$4,'Subject Reports'!A:A,"<="&$B$5,'Subject Reports'!G:G,"On Track")/$B32,0)) | D32: =IF($B32=0,"",ROUND(100*COUNTIFS('Subject Reports'!C:C,$A32,'Subject Reports'!A:A,">="&$B$4,'Subject Reports'!A:A,"<="&$B$5,'Subject Reports'!G:G,"Slightly Behind")/$B32,0)) | E32: =IF($B32=0,"",ROUND(100*COUNTIFS('Subject Reports'!C:C,$A32,'Subject Reports'!A:A,">="&$B$4,'Subject Reports'!A:A,"<="&$B$5,'Subject Reports'!G:G,"Behind")/$B32,0)) | F32: =IF($B32=0,"",C32-E32)
B33: =IF($A33="","",COUNTIFS('Subject Reports'!C:C,$A33,'Subject Reports'!A:A,">="&$B$4,'Subject Reports'!A:A,"<="&$B$5)) | C33: =IF($B33=0,"",ROUND(100*COUNTIFS('Subject Reports'!C:C,$A33,'Subject Reports'!A:A,">="&$B$4,'Subject Reports'!A:A,"<="&$B$5,'Subject Reports'!G:G,"On Track")/$B33,0)) | D33: =IF($B33=0,"",ROUND(100*COUNTIFS('Subject Reports'!C:C,$A33,'Subject Reports'!A:A,">="&$B$4,'Subject Reports'!A:A,"<="&$B$5,'Subject Reports'!G:G,"Slightly Behind")/$B33,0)) | E33: =IF($B33=0,"",ROUND(100*COUNTIFS('Subject Reports'!C:C,$A33,'Subject Reports'!A:A,">="&$B$4,'Subject Reports'!A:A,"<="&$B$5,'Subject Reports'!G:G,"Behind")/$B33,0)) | F33: =IF($B33=0,"",C33-E33)
B34: =IF($A34="","",COUNTIFS('Subject Reports'!C:C,$A34,'Subject Reports'!A:A,">="&$B$4,'Subject Reports'!A:A,"<="&$B$5)) | C34: =IF($B34=0,"",ROUND(100*COUNTIFS('Subject Reports'!C:C,$A34,'Subject Reports'!A:A,">="&$B$4,'Subject Reports'!A:A,"<="&$B$5,'Subject Reports'!G:G,"On Track")/$B34,0)) | D34: =IF($B34=0,"",ROUND(100*COUNTIFS('Subject Reports'!C:C,$A34,'Subject Reports'!A:A,">="&$B$4,'Subject Reports'!A:A,"<="&$B$5,'Subject Reports'!G:G,"Slightly Behind")/$B34,0)) | E34: =IF($B34=0,"",ROUND(100*COUNTIFS('Subject Reports'!C:C,$A34,'Subject Reports'!A:A,">="&$B$4,'Subject Reports'!A:A,"<="&$B$5,'Subject Reports'!G:G,"Behind")/$B34,0)) | F34: =IF($B34=0,"",C34-E34)
B35: =IF($A35="","",COUNTIFS('Subject Reports'!C:C,$A35,'Subject Reports'!A:A,">="&$B$4,'Subject Reports'!A:A,"<="&$B$5)) | C35: =IF($B35=0,"",ROUND(100*COUNTIFS('Subject Reports'!C:C,$A35,'Subject Reports'!A:A,">="&$B$4,'Subject Reports'!A:A,"<="&$B$5,'Subject Reports'!G:G,"On Track")/$B35,0)) | D35: =IF($B35=0,"",ROUND(100*COUNTIFS('Subject Reports'!C:C,$A35,'Subject Reports'!A:A,">="&$B$4,'Subject Reports'!A:A,"<="&$B$5,'Subject Reports'!G:G,"Slightly Behind")/$B35,0)) | E35: =IF($B35=0,"",ROUND(100*COUNTIFS('Subject Reports'!C:C,$A35,'Subject Reports'!A:A,">="&$B$4,'Subject Reports'!A:A,"<="&$B$5,'Subject Reports'!G:G,"Behind")/$B35,0)) | F35: =IF($B35=0,"",C35-E35)
B36: =IF($A36="","",COUNTIFS('Subject Reports'!C:C,$A36,'Subject Reports'!A:A,">="&$B$4,'Subject Reports'!A:A,"<="&$B$5)) | C36: =IF($B36=0,"",ROUND(100*COUNTIFS('Subject Reports'!C:C,$A36,'Subject Reports'!A:A,">="&$B$4,'Subject Reports'!A:A,"<="&$B$5,'Subject Reports'!G:G,"On Track")/$B36,0)) | D36: =IF($B36=0,"",ROUND(100*COUNTIFS('Subject Reports'!C:C,$A36,'Subject Reports'!A:A,">="&$B$4,'Subject Reports'!A:A,"<="&$B$5,'Subject Reports'!G:G,"Slightly Behind")/$B36,0)) | E36: =IF($B36=0,"",ROUND(100*COUNTIFS('Subject Reports'!C:C,$A36,'Subject Reports'!A:A,">="&$B$4,'Subject Reports'!A:A,"<="&$B$5,'Subject Reports'!G:G,"Behind")/$B36,0)) | F36: =IF($B36=0,"",C36-E36)
B37: =IF($A37="","",COUNTIFS('Subject Reports'!C:C,$A37,'Subject Reports'!A:A,">="&$B$4,'Subject Reports'!A:A,"<="&$B$5)) | C37: =IF($B37=0,"",ROUND(100*COUNTIFS('Subject Reports'!C:C,$A37,'Subject Reports'!A:A,">="&$B$4,'Subject Reports'!A:A,"<="&$B$5,'Subject Reports'!G:G,"On Track")/$B37,0)) | D37: =IF($B37=0,"",ROUND(100*COUNTIFS('Subject Reports'!C:C,$A37,'Subject Reports'!A:A,">="&$B$4,'Subject Reports'!A:A,"<="&$B$5,'Subject Reports'!G:G,"Slightly Behind")/$B37,0)) | E37: =IF($B37=0,"",ROUND(100*COUNTIFS('Subject Reports'!C:C,$A37,'Subject Reports'!A:A,">="&$B$4,'Subject Reports'!A:A,"<="&$B$5,'Subject Reports'!G:G,"Behind")/$B37,0)) | F37: =IF($B37=0,"",C37-E37)
... B78: =IF($A78="","",COUNTIFS('Subject Reports'!C:C,$A78,'Subject Reports'!A:A,">="&$B$4,'Subject Reports'!A:A,"<="&$B$5)) | C78: =IF($B78=0,"",ROUND(100*COUNTIFS('Subject Reports'!C:C,$A78,'Subject Reports'!A:A,">="&$B$4,'Subject Reports'!A:A,"<="&$B$5,'Subject Reports'!G:G,"On Track")/$B78,0)) | D78: =IF($B78=0,"",ROUND(100*COUNTIFS('Subject Reports'!C:C,$A78,'Subject Reports'!A:A,">="&$B$4,'Subject Reports'!A:A,"<="&$B$5,'Subject Reports'!G:G,"Slightly Behind")/$B78,0)) | E78: =IF($B78=0,"",ROUND(100*COUNTIFS('Subject Reports'!C:C,$A78,'Subject Reports'!A:A,">="&$B$4,'Subject Reports'!A:A,"<="&$B$5,'Subject Reports'!G:G,"Behind")/$B78,0)) | F78: =IF($B78=0,"",C78-E78)
A81: How to use: List subjects in Column A (e.g., Mathematics, English, Kiswahili, Science, SST, CRE, ICT). Scores update automatically.

Sheet Lists
A1: AUTO SUBJECT LIST (Do not edit) | E1: EARLY YEARS SUBJECTS | F1: LOWER PRIMARY SUBJECTS | H1: UPPER PRIMARY SUBJECTS (G4-6) | I1: JUNIOR SCHOOL SUBJECTS (G7-9)
A2: =SORT(UNIQUE(FILTER('Subject Reports'!C2:C500,'Subject Reports'!C2:C500<>""))) | E2: Language | F2: English | H2: English | I2: English
E3: Number Work | F3: Kiswahili | H3: Kiswahili | I3: Kiswahili
E4: Environmental | F4: Mathematics | H4: Mathematics | I4: Mathematics
E5: Religious | F5: Environmental Activities | H5: Science | I5: Integrated Science
E6: Creative Activities | F6: CRE | H6: Social Studies | I6: Social Studies
F7: Creative Arts | H7: CRE | I7: CRE
H8: Creative Arts | I8: Pre-Technical Studies
H9: PE | I9: Computer Studies
I10: Business Studies
I11: Agriculture
I12: Home Science

Sheet Assessments
A1: Assessment Date | B1: Week Ending | C1: Campus (Upper/Lower) | D1: Class | E1: Subject | F1: Assessment Type (CAT/Quiz/Exam/Assignment) | G1: Student Name | H1: Score | I1: Out Of | J1: Score % (auto) | K1: Teacher | L1: Remarks | M1: Academic Group
J2: =IF(OR(H2="",I2=""),"",ROUND(100*H2/I2,0)) | M2: =IF(D2="","",IFERROR(INDEX(Classes!$B$2:$B$200,MATCH(D2,Classes!$E$2:$E$200,0)),""))
J3: =IF(OR(H3="",I3=""),"",ROUND(100*H3/I3,0)) | M3: =IF(D3="","",IFERROR(INDEX(Classes!$B$2:$B$200,MATCH(D3,Classes!$E$2:$E$200,0)),""))
J4: =IF(OR(H4="",I4=""),"",ROUND(100*H4/I4,0)) | M4: =IF(D4="","",IFERROR(INDEX(Classes!$B$2:$B$200,MATCH(D4,Classes!$E$2:$E$200,0)),""))
J5: =IF(OR(H5="",I5=""),"",ROUND(100*H5/I5,0)) | M5: =IF(D5="","",IFERROR(INDEX(Classes!$B$2:$B$200,MATCH(D5,Classes!$E$2:$E$200,0)),""))
J6: =IF(OR(H6="",I6=""),"",ROUND(100*H6/I6,0)) | M6: =IF(D6="","",IFERROR(INDEX(Classes!$B$2:$B$200,MATCH(D6,Classes!$E$2:$E$200,0)),""))
J7: =IF(OR(H7="",I7=""),"",ROUND(100*H7/I7,0)) | M7: =IF(D7="","",IFERROR(INDEX(Classes!$B$2:$B$200,MATCH(D7,Classes!$E$2:$E$200,0)),""))
J8: =IF(OR(H8="",I8=""),"",ROUND(100*H8/I8,0)) | M8: =IF(D8="","",IFERROR(INDEX(Classes!$B$2:$B$200,MATCH(D8,Classes!$E$2:$E$200,0)),""))
J9: =IF(OR(H9="",I9=""),"",ROUND(100*H9/I9,0)) | M9: =IF(D9="","",IFERROR(INDEX(Classes!$B$2:$B$200,MATCH(D9,Classes!$E$2:$E$200,0)),""))
J10: =IF(OR(H10="",I10=""),"",ROUND(100*H10/I10,0)) | M10: =IF(D10="","",IFERROR(INDEX(Classes!$B$2:$B$200,MATCH(D10,Classes!$E$2:$E$200,0)),""))
J11: =IF(OR(H11="",I11=""),"",ROUND(100*H11/I11,0)) | M11: =IF(D11="","",IFERROR(INDEX(Classes!$B$2:$B$200,MATCH(D11,Classes!$E$2:$E$200,0)),""))
J12: =IF(OR(H12="",I12=""),"",ROUND(100*H12/I12,0)) | M12: =IF(D12="","",IFERROR(INDEX(Classes!$B$2:$B$200,MATCH(D12,Classes!$E$2:$E$200,0)),""))
J13: =IF(OR(H13="",I13=""),"",ROUND(100*H13/I13,0)) | M13: =IF(D13="","",IFERROR(INDEX(Classes!$B$2:$B$200,MATCH(D13,Classes!$E$2:$E$200,0)),""))
... J2000: =IF(OR(H2000="",I2000=""),"",ROUND(100*H2000/I2000,0)) | M2000: =IF(D2000="","",IFERROR(INDEX(Classes!$B$2:$B$200,MATCH(D2000,Classes!$E$2:$E$200,0)),""))

Sheet Student Term Rankings
A1: ROYAL KINGS PREMIER SCHOOL
A2: STUDENT TERM RANKINGS (WEEK 1–14)
A4: Term Start (Week 1 Ending Date) | B4: =INDEX('Term Summary'!B:B,2) | D4: Filter Campus (optional) | L4: TOP 10 STUDENTS (TERM AVG %)
A5: Term End (Week 14 Ending Date) | B5: =INDEX('Term Summary'!B:B,15) | D5: Filter Class (optional)
L6: Rank | M6: Student | N6: Campus | O6: Class | P6: Avg %
A7: Student Name | B7: Campus | C7: Class | D7: Assessments Count | E7: Average % | F7: Best % | G7: Worst % | H7: Term Rank | I7: Performance Level | J7: Notes | L7: 1 | M7: =IF($P7="","",INDEX($A$8:$A$507,MATCH($P7,$E$8:$E$507,0))) | N7: =IF($M7="","",INDEX($B$8:$B$507,MATCH($P7,$E$8:$E$507,0))) | O7: =IF($M7="","",INDEX($C$8:$C$507,MATCH($P7,$E$8:$E$507,0))) | P7: =IFERROR(LARGE($E$8:$E$507,1),"")
A8: =IF(Students!A2="","",Students!A2) | B8: =IF($A8="","",Students!B2) | C8: =IF($A8="","",Students!C2) | D8: =IF($A8="","",COUNTIFS(Assessments!G:G,$A8,Assessments!B:B,">="&$B$4,Assessments!B:B,"<="&$B$5,Assessments!C:C,IF($E$4="",$B8,$E$4),Assessments!D:D,IF($E$5="",$C8,$E$5))) | E8: =IF($D8=0,"",ROUND(AVERAGEIFS(Assessments!J:J,Assessments!G:G,$A8,Assessments!B:B,">="&$B$4,Assessments!B:B,"<="&$B$5,Assessments!C:C,IF($E$4="",$B8,$E$4),Assessments!D:D,IF($E$5="",$C8,$E$5)),0)) | F8: =IF($D8=0,"",MAXIFS(Assessments!J:J,Assessments!G:G,$A8,Assessments!B:B,">="&$B$4,Assessments!B:B,"<="&$B$5,Assessments!C:C,IF($E$4="",$B8,$E$4),Assessments!D:D,IF($E$5="",$C8,$E$5))) | G8: =IF($D8=0,"",MINIFS(Assessments!J:J,Assessments!G:G,$A8,Assessments!B:B,">="&$B$4,Assessments!B:B,"<="&$B$5,Assessments!C:C,IF($E$4="",$B8,$E$4),Assessments!D:D,IF($E$5="",$C8,$E$5))) | H8: =IF($E8="","",RANK($E8,$E$8:$E$507,0)) | I8: =IF($E8="","",IF($E8>=85,"Excellent",IF($E8>=70,"Good",IF($E8>=50,"Fair","Needs Support")))) | L8: 2 | M8: =IF($P8="","",INDEX($A$8:$A$507,MATCH($P8,$E$8:$E$507,0))) | N8: =IF($M8="","",INDEX($B$8:$B$507,MATCH($P8,$E$8:$E$507,0))) | O8: =IF($M8="","",INDEX($C$8:$C$507,MATCH($P8,$E$8:$E$507,0))) | P8: =IFERROR(LARGE($E$8:$E$507,2),"")
A9: =IF(Students!A3="","",Students!A3) | B9: =IF($A9="","",Students!B3) | C9: =IF($A9="","",Students!C3) | D9: =IF($A9="","",COUNTIFS(Assessments!G:G,$A9,Assessments!B:B,">="&$B$4,Assessments!B:B,"<="&$B$5,Assessments!C:C,IF($E$4="",$B9,$E$4),Assessments!D:D,IF($E$5="",$C9,$E$5))) | E9: =IF($D9=0,"",ROUND(AVERAGEIFS(Assessments!J:J,Assessments!G:G,$A9,Assessments!B:B,">="&$B$4,Assessments!B:B,"<="&$B$5,Assessments!C:C,IF($E$4="",$B9,$E$4),Assessments!D:D,IF($E$5="",$C9,$E$5)),0)) | F9: =IF($D9=0,"",MAXIFS(Assessments!J:J,Assessments!G:G,$A9,Assessments!B:B,">="&$B$4,Assessments!B:B,"<="&$B$5,Assessments!C:C,IF($E$4="",$B9,$E$4),Assessments!D:D,IF($E$5="",$C9,$E$5))) | G9: =IF($D9=0,"",MINIFS(Assessments!J:J,Assessments!G:G,$A9,Assessments!B:B,">="&$B$4,Assessments!B:B,"<="&$B$5,Assessments!C:C,IF($E$4="",$B9,$E$4),Assessments!D:D,IF($E$5="",$C9,$E$5))) | H9: =IF($E9="","",RANK($E9,$E$8:$E$507,0)) | I9: =IF($E9="","",IF($E9>=85,"Excellent",IF($E9>=70,"Good",IF($E9>=50,"Fair","Needs Support")))) | L9: 3 | M9: =IF($P9="","",INDEX($A$8:$A$507,MATCH($P9,$E$8:$E$507,0))) | N9: =IF($M9="","",INDEX($B$8:$B$507,MATCH($P9,$E$8:$E$507,0))) | O9: =IF($M9="","",INDEX($C$8:$C$507,MATCH($P9,$E$8:$E$507,0))) | P9: =IFERROR(LARGE($E$8:$E$507,3),"")
A10: =IF(Students!A4="","",Students!A4) | B10: =IF($A10="","",Students!B4) | C10: =IF($A10="","",Students!C4) | D10: =IF($A10="","",COUNTIFS(Assessments!G:G,$A10,Assessments!B:B,">="&$B$4,Assessments!B:B,"<="&$B$5,Assessments!C:C,IF($E$4="",$B10,$E$4),Assessments!D:D,IF($E$5="",$C10,$E$5))) | E10: =IF($D10=0,"",ROUND(AVERAGEIFS(Assessments!J:J,Assessments!G:G,$A10,Assessments!B:B,">="&$B$4,Assessments!B:B,"<="&$B$5,Assessments!C:C,IF($E$4="",$B10,$E$4),Assessments!D:D,IF($E$5="",$C10,$E$5)),0)) | F10: =IF($D10=0,"",MAXIFS(Assessments!J:J,Assessments!G:G,$A10,Assessments!B:B,">="&$B$4,Assessments!B:B,"<="&$B$5,Assessments!C:C,IF($E$4="",$B10,$E$4),Assessments!D:D,IF($E$5="",$C10,$E$5))) | G10: =IF($D10=0,"",MINIFS(Assessments!J:J,Assessments!G:G,$A10,Assessments!B:B,">="&$B$4,Assessments!B:B,"<="&$B$5,Assessments!C:C,IF($E$4="",$B10,$E$4),Assessments!D:D,IF($E$5="",$C10,$E$5))) | H10: =IF($E10="","",RANK($E10,$E$8:$E$507,0)) | I10: =IF($E10="","",IF($E10>=85,"Excellent",IF($E10>=70,"Good",IF($E10>=50,"Fair","Needs Support")))) | L10: 4 | M10: =IF($P10="","",INDEX($A$8:$A$507,MATCH($P10,$E$8:$E$507,0))) | N10: =IF($M10="","",INDEX($B$8:$B$507,MATCH($P10,$E$8:$E$507,0))) | O10: =IF($M10="","",INDEX($C$8:$C$507,MATCH($P10,$E$8:$E$507,0))) | P10: =IFERROR(LARGE($E$8:$E$507,4),"")
A11: =IF(Students!A5="","",Students!A5) | B11: =IF($A11="","",Students!B5) | C11: =IF($A11="","",Students!C5) | D11: =IF($A11="","",COUNTIFS(Assessments!G:G,$A11,Assessments!B:B,">="&$B$4,Assessments!B:B,"<="&$B$5,Assessments!C:C,IF($E$4="",$B11,$E$4),Assessments!D:D,IF($E$5="",$C11,$E$5))) | E11: =IF($D11=0,"",ROUND(AVERAGEIFS(Assessments!J:J,Assessments!G:G,$A11,Assessments!B:B,">="&$B$4,Assessments!B:B,"<="&$B$5,Assessments!C:C,IF($E$4="",$B11,$E$4),Assessments!D:D,IF($E$5="",$C11,$E$5)),0)) | F11: =IF($D11=0,"",MAXIFS(Assessments!J:J,Assessments!G:G,$A11,Assessments!B:B,">="&$B$4,Assessments!B:B,"<="&$B$5,Assessments!C:C,IF($E$4="",$B11,$E$4),Assessments!D:D,IF($E$5="",$C11,$E$5))) | G11: =IF($D11=0,"",MINIFS(Assessments!J:J,Assessments!G:G,$A11,Assessments!B:B,">="&$B$4,Assessments!B:B,"<="&$B$5,Assessments!C:C,IF($E$4="",$B11,$E$4),Assessments!D:D,IF($E$5="",$C11,$E$5))) | H11: =IF($E11="","",RANK($E11,$E$8:$E$507,0)) | I11: =IF($E11="","",IF($E11>=85,"Excellent",IF($E11>=70,"Good",IF($E11>=50,"Fair","Needs Support")))) | L11: 5 | M11: =IF($P11="","",INDEX($A$8:$A$507,MATCH($P11,$E$8:$E$507,0))) | N11: =IF($M11="","",INDEX($B$8:$B$507,MATCH($P11,$E$8:$E$507,0))) | O11: =IF($M11="","",INDEX($C$8:$C$507,MATCH($P11,$E$8:$E$507,0))) | P11: =IFERROR(LARGE($E$8:$E$507,5),"")
A12: =IF(Students!A6="","",Students!A6) | B12: =IF($A12="","",Students!B6) | C12: =IF($A12="","",Students!C6) | D12: =IF($A12="","",COUNTIFS(Assessments!G:G,$A12,Assessments!B:B,">="&$B$4,Assessments!B:B,"<="&$B$5,Assessments!C:C,IF($E$4="",$B12,$E$4),Assessments!D:D,IF($E$5="",$C12,$E$5))) | E12: =IF($D12=0,"",ROUND(AVERAGEIFS(Assessments!J:J,Assessments!G:G,$A12,Assessments!B:B,">="&$B$4,Assessments!B:B,"<="&$B$5,Assessments!C:C,IF($E$4="",$B12,$E$4),Assessments!D:D,IF($E$5="",$C12,$E$5)),0)) | F12: =IF($D12=0,"",MAXIFS(Assessments!J:J,Assessments!G:G,$A12,Assessments!B:B,">="&$B$4,Assessments!B:B,"<="&$B$5,Assessments!C:C,IF($E$4="",$B12,$E$4),Assessments!D:D,IF($E$5="",$C12,$E$5))) | G12: =IF($D12=0,"",MINIFS(Assessments!J:J,Assessments!G:G,$A12,Assessments!B:B,">="&$B$4,Assessments!B:B,"<="&$B$5,Assessments!C:C,IF($E$4="",$B12,$E$4),Assessments!D:D,IF($E$5="",$C12,$E$5))) | H12: =IF($E12="","",RANK($E12,$E$8:$E$507,0)) | I12: =IF($E12="","",IF($E12>=85,"Excellent",IF($E12>=70,"Good",IF($E12>=50,"Fair","Needs Support")))) | L12: 6 | M12: =IF($P12="","",INDEX($A$8:$A$507,MATCH($P12,$E$8:$E$507,0))) | N12: =IF($M12="","",INDEX($B$8:$B$507,MATCH($P12,$E$8:$E$507,0))) | O12: =IF($M12="","",INDEX($C$8:$C$507,MATCH($P12,$E$8:$E$507,0))) | P12: =IFERROR(LARGE($E$8:$E$507,6),"")
A13: =IF(Students!A7="","",Students!A7) | B13: =IF($A13="","",Students!B7) | C13: =IF($A13="","",Students!C7) | D13: =IF($A13="","",COUNTIFS(Assessments!G:G,$A13,Assessments!B:B,">="&$B$4,Assessments!B:B,"<="&$B$5,Assessments!C:C,IF($E$4="",$B13,$E$4),Assessments!D:D,IF($E$5="",$C13,$E$5))) | E13: =IF($D13=0,"",ROUND(AVERAGEIFS(Assessments!J:J,Assessments!G:G,$A13,Assessments!B:B,">="&$B$4,Assessments!B:B,"<="&$B$5,Assessments!C:C,IF($E$4="",$B13,$E$4),Assessments!D:D,IF($E$5="",$C13,$E$5)),0)) | F13: =IF($D13=0,"",MAXIFS(Assessments!J:J,Assessments!G:G,$A13,Assessments!B:B,">="&$B$4,Assessments!B:B,"<="&$B$5,Assessments!C:C,IF($E$4="",$B13,$E$4),Assessments!D:D,IF($E$5="",$C13,$E$5))) | G13: =IF($D13=0,"",MINIFS(Assessments!J:J,Assessments!G:G,$A13,Assessments!B:B,">="&$B$4,Assessments!B:B,"<="&$B$5,Assessments!C:C,IF($E$4="",$B13,$E$4),Assessments!D:D,IF($E$5="",$C13,$E$5))) | H13: =IF($E13="","",RANK($E13,$E$8:$E$507,0)) | I13: =IF($E13="","",IF($E13>=85,"Excellent",IF($E13>=70,"Good",IF($E13>=50,"Fair","Needs Support")))) | L13: 7 | M13: =IF($P13="","",INDEX($A$8:$A$507,MATCH($P13,$E$8:$E$507,0))) | N13: =IF($M13="","",INDEX($B$8:$B$507,MATCH($P13,$E$8:$E$507,0))) | O13: =IF($M13="","",INDEX($C$8:$C$507,MATCH($P13,$E$8:$E$507,0))) | P13: =IFERROR(LARGE($E$8:$E$507,7),"")
A14: =IF(Students!A8="","",Students!A8) | B14: =IF($A14="","",Students!B8) | C14: =IF($A14="","",Students!C8) | D14: =IF($A14="","",COUNTIFS(Assessments!G:G,$A14,Assessments!B:B,">="&$B$4,Assessments!B:B,"<="&$B$5,Assessments!C:C,IF($E$4="",$B14,$E$4),Assessments!D:D,IF($E$5="",$C14,$E$5))) | E14: =IF($D14=0,"",ROUND(AVERAGEIFS(Assessments!J:J,Assessments!G:G,$A14,Assessments!B:B,">="&$B$4,Assessments!B:B,"<="&$B$5,Assessments!C:C,IF($E$4="",$B14,$E$4),Assessments!D:D,IF($E$5="",$C14,$E$5)),0)) | F14: =IF($D14=0,"",MAXIFS(Assessments!J:J,Assessments!G:G,$A14,Assessments!B:B,">="&$B$4,Assessments!B:B,"<="&$B$5,Assessments!C:C,IF($E$4="",$B14,$E$4),Assessments!D:D,IF($E$5="",$C14,$E$5))) | G14: =IF($D14=0,"",MINIFS(Assessments!J:J,Assessments!G:G,$A14,Assessments!B:B,">="&$B$4,Assessments!B:B,"<="&$B$5,Assessments!C:C,IF($E$4="",$B14,$E$4),Assessments!D:D,IF($E$5="",$C14,$E$5))) | H14: =IF($E14="","",RANK($E14,$E$8:$E$507,0)) | I14: =IF($E14="","",IF($E14>=85,"Excellent",IF($E14>=70,"Good",IF($E14>=50,"Fair","Needs Support")))) | L14: 8 | M14: =IF($P14="","",INDEX($A$8:$A$507,MATCH($P14,$E$8:$E$507,0))) | N14: =IF($M14="","",INDEX($B$8:$B$507,MATCH($P14,$E$8:$E$507,0))) | O14: =IF($M14="","",INDEX($C$8:$C$507,MATCH($P14,$E$8:$E$507,0))) | P14: =IFERROR(LARGE($E$8:$E$507,8),"")
A15: =IF(Students!A9="","",Students!A9) | B15: =IF($A15="","",Students!B9) | C15: =IF($A15="","",Students!C9) | D15: =IF($A15="","",COUNTIFS(Assessments!G:G,$A15,Assessments!B:B,">="&$B$4,Assessments!B:B,"<="&$B$5,Assessments!C:C,IF($E$4="",$B15,$E$4),Assessments!D:D,IF($E$5="",$C15,$E$5))) | E15: =IF($D15=0,"",ROUND(AVERAGEIFS(Assessments!J:J,Assessments!G:G,$A15,Assessments!B:B,">="&$B$4,Assessments!B:B,"<="&$B$5,Assessments!C:C,IF($E$4="",$B15,$E$4),Assessments!D:D,IF($E$5="",$C15,$E$5)),0)) | F15: =IF($D15=0,"",MAXIFS(Assessments!J:J,Assessments!G:G,$A15,Assessments!B:B,">="&$B$4,Assessments!B:B,"<="&$B$5,Assessments!C:C,IF($E$4="",$B15,$E$4),Assessments!D:D,IF($E$5="",$C15,$E$5))) | G15: =IF($D15=0,"",MINIFS(Assessments!J:J,Assessments!G:G,$A15,Assessments!B:B,">="&$B$4,Assessments!B:B,"<="&$B$5,Assessments!C:C,IF($E$4="",$B15,$E$4),Assessments!D:D,IF($E$5="",$C15,$E$5))) | H15: =IF($E15="","",RANK($E15,$E$8:$E$507,0)) | I15: =IF($E15="","",IF($E15>=85,"Excellent",IF($E15>=70,"Good",IF($E15>=50,"Fair","Needs Support")))) | L15: 9 | M15: =IF($P15="","",INDEX($A$8:$A$507,MATCH($P15,$E$8:$E$507,0))) | N15: =IF($M15="","",INDEX($B$8:$B$507,MATCH($P15,$E$8:$E$507,0))) | O15: =IF($M15="","",INDEX($C$8:$C$507,MATCH($P15,$E$8:$E$507,0))) | P15: =IFERROR(LARGE($E$8:$E$507,9),"")
A16: =IF(Students!A10="","",Students!A10) | B16: =IF($A16="","",Students!B10) | C16: =IF($A16="","",Students!C10) | D16: =IF($A16="","",COUNTIFS(Assessments!G:G,$A16,Assessments!B:B,">="&$B$4,Assessments!B:B,"<="&$B$5,Assessments!C:C,IF($E$4="",$B16,$E$4),Assessments!D:D,IF($E$5="",$C16,$E$5))) | E16: =IF($D16=0,"",ROUND(AVERAGEIFS(Assessments!J:J,Assessments!G:G,$A16,Assessments!B:B,">="&$B$4,Assessments!B:B,"<="&$B$5,Assessments!C:C,IF($E$4="",$B16,$E$4),Assessments!D:D,IF($E$5="",$C16,$E$5)),0)) | F16: =IF($D16=0,"",MAXIFS(Assessments!J:J,Assessments!G:G,$A16,Assessments!B:B,">="&$B$4,Assessments!B:B,"<="&$B$5,Assessments!C:C,IF($E$4="",$B16,$E$4),Assessments!D:D,IF($E$5="",$C16,$E$5))) | G16: =IF($D16=0,"",MINIFS(Assessments!J:J,Assessments!G:G,$A16,Assessments!B:B,">="&$B$4,Assessments!B:B,"<="&$B$5,Assessments!C:C,IF($E$4="",$B16,$E$4),Assessments!D:D,IF($E$5="",$C16,$E$5))) | H16: =IF($E16="","",RANK($E16,$E$8:$E$507,0)) | I16: =IF($E16="","",IF($E16>=85,"Excellent",IF($E16>=70,"Good",IF($E16>=50,"Fair","Needs Support")))) | L16: 10 | M16: =IF($P16="","",INDEX($A$8:$A$507,MATCH($P16,$E$8:$E$507,0))) | N16: =IF($M16="","",INDEX($B$8:$B$507,MATCH($P16,$E$8:$E$507,0))) | O16: =IF($M16="","",INDEX($C$8:$C$507,MATCH($P16,$E$8:$E$507,0))) | P16: =IFERROR(LARGE($E$8:$E$507,10),"")
A17: =IF(Students!A11="","",Students!A11) | B17: =IF($A17="","",Students!B11) | C17: =IF($A17="","",Students!C11) | D17: =IF($A17="","",COUNTIFS(Assessments!G:G,$A17,Assessments!B:B,">="&$B$4,Assessments!B:B,"<="&$B$5,Assessments!C:C,IF($E$4="",$B17,$E$4),Assessments!D:D,IF($E$5="",$C17,$E$5))) | E17: =IF($D17=0,"",ROUND(AVERAGEIFS(Assessments!J:J,Assessments!G:G,$A17,Assessments!B:B,">="&$B$4,Assessments!B:B,"<="&$B$5,Assessments!C:C,IF($E$4="",$B17,$E$4),Assessments!D:D,IF($E$5="",$C17,$E$5)),0)) | F17: =IF($D17=0,"",MAXIFS(Assessments!J:J,Assessments!G:G,$A17,Assessments!B:B,">="&$B$4,Assessments!B:B,"<="&$B$5,Assessments!C:C,IF($E$4="",$B17,$E$4),Assessments!D:D,IF($E$5="",$C17,$E$5))) | G17: =IF($D17=0,"",MINIFS(Assessments!J:J,Assessments!G:G,$A17,Assessments!B:B,">="&$B$4,Assessments!B:B,"<="&$B$5,Assessments!C:C,IF($E$4="",$B17,$E$4),Assessments!D:D,IF($E$5="",$C17,$E$5))) | H17: =IF($E17="","",RANK($E17,$E$8:$E$507,0)) | I17: =IF($E17="","",IF($E17>=85,"Excellent",IF($E17>=70,"Good",IF($E17>=50,"Fair","Needs Support"))))
A18: =IF(Students!A12="","",Students!A12) | B18: =IF($A18="","",Students!B12) | C18: =IF($A18="","",Students!C12) | D18: =IF($A18="","",COUNTIFS(Assessments!G:G,$A18,Assessments!B:B,">="&$B$4,Assessments!B:B,"<="&$B$5,Assessments!C:C,IF($E$4="",$B18,$E$4),Assessments!D:D,IF($E$5="",$C18,$E$5))) | E18: =IF($D18=0,"",ROUND(AVERAGEIFS(Assessments!J:J,Assessments!G:G,$A18,Assessments!B:B,">="&$B$4,Assessments!B:B,"<="&$B$5,Assessments!C:C,IF($E$4="",$B18,$E$4),Assessments!D:D,IF($E$5="",$C18,$E$5)),0)) | F18: =IF($D18=0,"",MAXIFS(Assessments!J:J,Assessments!G:G,$A18,Assessments!B:B,">="&$B$4,Assessments!B:B,"<="&$B$5,Assessments!C:C,IF($E$4="",$B18,$E$4),Assessments!D:D,IF($E$5="",$C18,$E$5))) | G18: =IF($D18=0,"",MINIFS(Assessments!J:J,Assessments!G:G,$A18,Assessments!B:B,">="&$B$4,Assessments!B:B,"<="&$B$5,Assessments!C:C,IF($E$4="",$B18,$E$4),Assessments!D:D,IF($E$5="",$C18,$E$5))) | H18: =IF($E18="","",RANK($E18,$E$8:$E$507,0)) | I18: =IF($E18="","",IF($E18>=85,"Excellent",IF($E18>=70,"Good",IF($E18>=50,"Fair","Needs Support"))))
A19: =IF(Students!A13="","",Students!A13) | B19: =IF($A19="","",Students!B13) | C19: =IF($A19="","",Students!C13) | D19: =IF($A19="","",COUNTIFS(Assessments!G:G,$A19,Assessments!B:B,">="&$B$4,Assessments!B:B,"<="&$B$5,Assessments!C:C,IF($E$4="",$B19,$E$4),Assessments!D:D,IF($E$5="",$C19,$E$5))) | E19: =IF($D19=0,"",ROUND(AVERAGEIFS(Assessments!J:J,Assessments!G:G,$A19,Assessments!B:B,">="&$B$4,Assessments!B:B,"<="&$B$5,Assessments!C:C,IF($E$4="",$B19,$E$4),Assessments!D:D,IF($E$5="",$C19,$E$5)),0)) | F19: =IF($D19=0,"",MAXIFS(Assessments!J:J,Assessments!G:G,$A19,Assessments!B:B,">="&$B$4,Assessments!B:B,"<="&$B$5,Assessments!C:C,IF($E$4="",$B19,$E$4),Assessments!D:D,IF($E$5="",$C19,$E$5))) | G19: =IF($D19=0,"",MINIFS(Assessments!J:J,Assessments!G:G,$A19,Assessments!B:B,">="&$B$4,Assessments!B:B,"<="&$B$5,Assessments!C:C,IF($E$4="",$B19,$E$4),Assessments!D:D,IF($E$5="",$C19,$E$5))) | H19: =IF($E19="","",RANK($E19,$E$8:$E$507,0)) | I19: =IF($E19="","",IF($E19>=85,"Excellent",IF($E19>=70,"Good",IF($E19>=50,"Fair","Needs Support"))))
A20: =IF(Students!A14="","",Students!A14) | B20: =IF($A20="","",Students!B14) | C20: =IF($A20="","",Students!C14) | D20: =IF($A20="","",COUNTIFS(Assessments!G:G,$A20,Assessments!B:B,">="&$B$4,Assessments!B:B,"<="&$B$5,Assessments!C:C,IF($E$4="",$B20,$E$4),Assessments!D:D,IF($E$5="",$C20,$E$5))) | E20: =IF($D20=0,"",ROUND(AVERAGEIFS(Assessments!J:J,Assessments!G:G,$A20,Assessments!B:B,">="&$B$4,Assessments!B:B,"<="&$B$5,Assessments!C:C,IF($E$4="",$B20,$E$4),Assessments!D:D,IF($E$5="",$C20,$E$5)),0)) | F20: =IF($D20=0,"",MAXIFS(Assessments!J:J,Assessments!G:G,$A20,Assessments!B:B,">="&$B$4,Assessments!B:B,"<="&$B$5,Assessments!C:C,IF($E$4="",$B20,$E$4),Assessments!D:D,IF($E$5="",$C20,$E$5))) | G20: =IF($D20=0,"",MINIFS(Assessments!J:J,Assessments!G:G,$A20,Assessments!B:B,">="&$B$4,Assessments!B:B,"<="&$B$5,Assessments!C:C,IF($E$4="",$B20,$E$4),Assessments!D:D,IF($E$5="",$C20,$E$5))) | H20: =IF($E20="","",RANK($E20,$E$8:$E$507,0)) | I20: =IF($E20="","",IF($E20>=85,"Excellent",IF($E20>=70,"Good",IF($E20>=50,"Fair","Needs Support"))))
A21: =IF(Students!A15="","",Students!A15) | B21: =IF($A21="","",Students!B15) | C21: =IF($A21="","",Students!C15) | D21: =IF($A21="","",COUNTIFS(Assessments!G:G,$A21,Assessments!B:B,">="&$B$4,Assessments!B:B,"<="&$B$5,Assessments!C:C,IF($E$4="",$B21,$E$4),Assessments!D:D,IF($E$5="",$C21,$E$5))) | E21: =IF($D21=0,"",ROUND(AVERAGEIFS(Assessments!J:J,Assessments!G:G,$A21,Assessments!B:B,">="&$B$4,Assessments!B:B,"<="&$B$5,Assessments!C:C,IF($E$4="",$B21,$E$4),Assessments!D:D,IF($E$5="",$C21,$E$5)),0)) | F21: =IF($D21=0,"",MAXIFS(Assessments!J:J,Assessments!G:G,$A21,Assessments!B:B,">="&$B$4,Assessments!B:B,"<="&$B$5,Assessments!C:C,IF($E$4="",$B21,$E$4),Assessments!D:D,IF($E$5="",$C21,$E$5))) | G21: =IF($D21=0,"",MINIFS(Assessments!J:J,Assessments!G:G,$A21,Assessments!B:B,">="&$B$4,Assessments!B:B,"<="&$B$5,Assessments!C:C,IF($E$4="",$B21,$E$4),Assessments!D:D,IF($E$5="",$C21,$E$5))) | H21: =IF($E21="","",RANK($E21,$E$8:$E$507,0)) | I21: =IF($E21="","",IF($E21>=85,"Excellent",IF($E21>=70,"Good",IF($E21>=50,"Fair","Needs Support"))))
A22: =IF(Students!A16="","",Students!A16) | B22: =IF($A22="","",Students!B16) | C22: =IF($A22="","",Students!C16) | D22: =IF($A22="","",COUNTIFS(Assessments!G:G,$A22,Assessments!B:B,">="&$B$4,Assessments!B:B,"<="&$B$5,Assessments!C:C,IF($E$4="",$B22,$E$4),Assessments!D:D,IF($E$5="",$C22,$E$5))) | E22: =IF($D22=0,"",ROUND(AVERAGEIFS(Assessments!J:J,Assessments!G:G,$A22,Assessments!B:B,">="&$B$4,Assessments!B:B,"<="&$B$5,Assessments!C:C,IF($E$4="",$B22,$E$4),Assessments!D:D,IF($E$5="",$C22,$E$5)),0)) | F22: =IF($D22=0,"",MAXIFS(Assessments!J:J,Assessments!G:G,$A22,Assessments!B:B,">="&$B$4,Assessments!B:B,"<="&$B$5,Assessments!C:C,IF($E$4="",$B22,$E$4),Assessments!D:D,IF($E$5="",$C22,$E$5))) | G22: =IF($D22=0,"",MINIFS(Assessments!J:J,Assessments!G:G,$A22,Assessments!B:B,">="&$B$4,Assessments!B:B,"<="&$B$5,Assessments!C:C,IF($E$4="",$B22,$E$4),Assessments!D:D,IF($E$5="",$C22,$E$5))) | H22: =IF($E22="","",RANK($E22,$E$8:$E$507,0)) | I22: =IF($E22="","",IF($E22>=85,"Excellent",IF($E22>=70,"Good",IF($E22>=50,"Fair","Needs Support"))))
A23: =IF(Students!A17="","",Students!A17) | B23: =IF($A23="","",Students!B17) | C23: =IF($A23="","",Students!C17) | D23: =IF($A23="","",COUNTIFS(Assessments!G:G,$A23,Assessments!B:B,">="&$B$4,Assessments!B:B,"<="&$B$5,Assessments!C:C,IF($E$4="",$B23,$E$4),Assessments!D:D,IF($E$5="",$C23,$E$5))) | E23: =IF($D23=0,"",ROUND(AVERAGEIFS(Assessments!J:J,Assessments!G:G,$A23,Assessments!B:B,">="&$B$4,Assessments!B:B,"<="&$B$5,Assessments!C:C,IF($E$4="",$B23,$E$4),Assessments!D:D,IF($E$5="",$C23,$E$5)),0)) | F23: =IF($D23=0,"",MAXIFS(Assessments!J:J,Assessments!G:G,$A23,Assessments!B:B,">="&$B$4,Assessments!B:B,"<="&$B$5,Assessments!C:C,IF($E$4="",$B23,$E$4),Assessments!D:D,IF($E$5="",$C23,$E$5))) | G23: =IF($D23=0,"",MINIFS(Assessments!J:J,Assessments!G:G,$A23,Assessments!B:B,">="&$B$4,Assessments!B:B,"<="&$B$5,Assessments!C:C,IF($E$4="",$B23,$E$4),Assessments!D:D,IF($E$5="",$C23,$E$5))) | H23: =IF($E23="","",RANK($E23,$E$8:$E$507,0)) | I23: =IF($E23="","",IF($E23>=85,"Excellent",IF($E23>=70,"Good",IF($E23>=50,"Fair","Needs Support"))))
A24: =IF(Students!A18="","",Students!A18) | B24: =IF($A24="","",Students!B18) | C24: =IF($A24="","",Students!C18) | D24: =IF($A24="","",COUNTIFS(Assessments!G:G,$A24,Assessments!B:B,">="&$B$4,Assessments!B:B,"<="&$B$5,Assessments!C:C,IF($E$4="",$B24,$E$4),Assessments!D:D,IF($E$5="",$C24,$E$5))) | E24: =IF($D24=0,"",ROUND(AVERAGEIFS(Assessments!J:J,Assessments!G:G,$A24,Assessments!B:B,">="&$B$4,Assessments!B:B,"<="&$B$5,Assessments!C:C,IF($E$4="",$B24,$E$4),Assessments!D:D,IF($E$5="",$C24,$E$5)),0)) | F24: =IF($D24=0,"",MAXIFS(Assessments!J:J,Assessments!G:G,$A24,Assessments!B:B,">="&$B$4,Assessments!B:B,"<="&$B$5,Assessments!C:C,IF($E$4="",$B24,$E$4),Assessments!D:D,IF($E$5="",$C24,$E$5))) | G24: =IF($D24=0,"",MINIFS(Assessments!J:J,Assessments!G:G,$A24,Assessments!B:B,">="&$B$4,Assessments!B:B,"<="&$B$5,Assessments!C:C,IF($E$4="",$B24,$E$4),Assessments!D:D,IF($E$5="",$C24,$E$5))) | H24: =IF($E24="","",RANK($E24,$E$8:$E$507,0)) | I24: =IF($E24="","",IF($E24>=85,"Excellent",IF($E24>=70,"Good",IF($E24>=50,"Fair","Needs Support"))))
A25: =IF(Students!A19="","",Students!A19) | B25: =IF($A25="","",Students!B19) | C25: =IF($A25="","",Students!C19) | D25: =IF($A25="","",COUNTIFS(Assessments!G:G,$A25,Assessments!B:B,">="&$B$4,Assessments!B:B,"<="&$B$5,Assessments!C:C,IF($E$4="",$B25,$E$4),Assessments!D:D,IF($E$5="",$C25,$E$5))) | E25: =IF($D25=0,"",ROUND(AVERAGEIFS(Assessments!J:J,Assessments!G:G,$A25,Assessments!B:B,">="&$B$4,Assessments!B:B,"<="&$B$5,Assessments!C:C,IF($E$4="",$B25,$E$4),Assessments!D:D,IF($E$5="",$C25,$E$5)),0)) | F25: =IF($D25=0,"",MAXIFS(Assessments!J:J,Assessments!G:G,$A25,Assessments!B:B,">="&$B$4,Assessments!B:B,"<="&$B$5,Assessments!C:C,IF($E$4="",$B25,$E$4),Assessments!D:D,IF($E$5="",$C25,$E$5))) | G25: =IF($D25=0,"",MINIFS(Assessments!J:J,Assessments!G:G,$A25,Assessments!B:B,">="&$B$4,Assessments!B:B,"<="&$B$5,Assessments!C:C,IF($E$4="",$B25,$E$4),Assessments!D:D,IF($E$5="",$C25,$E$5))) | H25: =IF($E25="","",RANK($E25,$E$8:$E$507,0)) | I25: =IF($E25="","",IF($E25>=85,"Excellent",IF($E25>=70,"Good",IF($E25>=50,"Fair","Needs Support"))))
A26: =IF(Students!A20="","",Students!A20) | B26: =IF($A26="","",Students!B20) | C26: =IF($A26="","",Students!C20) | D26: =IF($A26="","",COUNTIFS(Assessments!G:G,$A26,Assessments!B:B,">="&$B$4,Assessments!B:B,"<="&$B$5,Assessments!C:C,IF($E$4="",$B26,$E$4),Assessments!D:D,IF($E$5="",$C26,$E$5))) | E26: =IF($D26=0,"",ROUND(AVERAGEIFS(Assessments!J:J,Assessments!G:G,$A26,Assessments!B:B,">="&$B$4,Assessments!B:B,"<="&$B$5,Assessments!C:C,IF($E$4="",$B26,$E$4),Assessments!D:D,IF($E$5="",$C26,$E$5)),0)) | F26: =IF($D26=0,"",MAXIFS(Assessments!J:J,Assessments!G:G,$A26,Assessments!B:B,">="&$B$4,Assessments!B:B,"<="&$B$5,Assessments!C:C,IF($E$4="",$B26,$E$4),Assessments!D:D,IF($E$5="",$C26,$E$5))) | G26: =IF($D26=0,"",MINIFS(Assessments!J:J,Assessments!G:G,$A26,Assessments!B:B,">="&$B$4,Assessments!B:B,"<="&$B$5,Assessments!C:C,IF($E$4="",$B26,$E$4),Assessments!D:D,IF($E$5="",$C26,$E$5))) | H26: =IF($E26="","",RANK($E26,$E$8:$E$507,0)) | I26: =IF($E26="","",IF($E26>=85,"Excellent",IF($E26>=70,"Good",IF($E26>=50,"Fair","Needs Support"))))
A27: =IF(Students!A21="","",Students!A21) | B27: =IF($A27="","",Students!B21) | C27: =IF($A27="","",Students!C21) | D27: =IF($A27="","",COUNTIFS(Assessments!G:G,$A27,Assessments!B:B,">="&$B$4,Assessments!B:B,"<="&$B$5,Assessments!C:C,IF($E$4="",$B27,$E$4),Assessments!D:D,IF($E$5="",$C27,$E$5))) | E27: =IF($D27=0,"",ROUND(AVERAGEIFS(Assessments!J:J,Assessments!G:G,$A27,Assessments!B:B,">="&$B$4,Assessments!B:B,"<="&$B$5,Assessments!C:C,IF($E$4="",$B27,$E$4),Assessments!D:D,IF($E$5="",$C27,$E$5)),0)) | F27: =IF($D27=0,"",MAXIFS(Assessments!J:J,Assessments!G:G,$A27,Assessments!B:B,">="&$B$4,Assessments!B:B,"<="&$B$5,Assessments!C:C,IF($E$4="",$B27,$E$4),Assessments!D:D,IF($E$5="",$C27,$E$5))) | G27: =IF($D27=0,"",MINIFS(Assessments!J:J,Assessments!G:G,$A27,Assessments!B:B,">="&$B$4,Assessments!B:B,"<="&$B$5,Assessments!C:C,IF($E$4="",$B27,$E$4),Assessments!D:D,IF($E$5="",$C27,$E$5))) | H27: =IF($E27="","",RANK($E27,$E$8:$E$507,0)) | I27: =IF($E27="","",IF($E27>=85,"Excellent",IF($E27>=70,"Good",IF($E27>=50,"Fair","Needs Support"))))
A28: =IF(Students!A22="","",Students!A22) | B28: =IF($A28="","",Students!B22) | C28: =IF($A28="","",Students!C22) | D28: =IF($A28="","",COUNTIFS(Assessments!G:G,$A28,Assessments!B:B,">="&$B$4,Assessments!B:B,"<="&$B$5,Assessments!C:C,IF($E$4="",$B28,$E$4),Assessments!D:D,IF($E$5="",$C28,$E$5))) | E28: =IF($D28=0,"",ROUND(AVERAGEIFS(Assessments!J:J,Assessments!G:G,$A28,Assessments!B:B,">="&$B$4,Assessments!B:B,"<="&$B$5,Assessments!C:C,IF($E$4="",$B28,$E$4),Assessments!D:D,IF($E$5="",$C28,$E$5)),0)) | F28: =IF($D28=0,"",MAXIFS(Assessments!J:J,Assessments!G:G,$A28,Assessments!B:B,">="&$B$4,Assessments!B:B,"<="&$B$5,Assessments!C:C,IF($E$4="",$B28,$E$4),Assessments!D:D,IF($E$5="",$C28,$E$5))) | G28: =IF($D28=0,"",MINIFS(Assessments!J:J,Assessments!G:G,$A28,Assessments!B:B,">="&$B$4,Assessments!B:B,"<="&$B$5,Assessments!C:C,IF($E$4="",$B28,$E$4),Assessments!D:D,IF($E$5="",$C28,$E$5))) | H28: =IF($E28="","",RANK($E28,$E$8:$E$507,0)) | I28: =IF($E28="","",IF($E28>=85,"Excellent",IF($E28>=70,"Good",IF($E28>=50,"Fair","Needs Support"))))
... A507: =IF(Students!A501="","",Students!A501) | B507: =IF($A507="","",Students!B501) | C507: =IF($A507="","",Students!C501) | D507: =IF($A507="","",COUNTIFS(Assessments!G:G,$A507,Assessments!B:B,">="&$B$4,Assessments!B:B,"<="&$B$5,Assessments!C:C,IF($E$4="",$B507,$E$4),Assessments!D:D,IF($E$5="",$C507,$E$5))) | E507: =IF($D507=0,"",ROUND(AVERAGEIFS(Assessments!J:J,Assessments!G:G,$A507,Assessments!B:B,">="&$B$4,Assessments!B:B,"<="&$B$5,Assessments!C:C,IF($E$4="",$B507,$E$4),Assessments!D:D,IF($E$5="",$C507,$E$5)),0)) | F507: =IF($D507=0,"",MAXIFS(Assessments!J:J,Assessments!G:G,$A507,Assessments!B:B,">="&$B$4,Assessments!B:B,"<="&$B$5,Assessments!C:C,IF($E$4="",$B507,$E$4),Assessments!D:D,IF($E$5="",$C507,$E$5))) | G507: =IF($D507=0,"",MINIFS(Assessments!J:J,Assessments!G:G,$A507,Assessments!B:B,">="&$B$4,Assessments!B:B,"<="&$B$5,Assessments!C:C,IF($E$4="",$B507,$E$4),Assessments!D:D,IF($E$5="",$C507,$E$5))) | H507: =IF($E507="","",RANK($E507,$E$8:$E$507,0)) | I507: =IF($E507="","",IF($E507>=85,"Excellent",IF($E507>=70,"Good",IF($E507>=50,"Fair","Needs Support"))))
A510: How to use: 1) Fill Students sheet once. 2) Teachers enter marks in Assessments sheet. 3) Term Summary dates drive rankings.

Sheet Student Awards
A1: ROYAL KINGS PREMIER SCHOOL
A2: STUDENT AWARDS (TERM)
A4: Term Start (Week 1 Ending Date) | B4: =INDEX('Term Summary'!B:B,2) | J4: AWARDS (TOP 10)
A5: Term End (Week 14 Ending Date) | B5: =INDEX('Term Summary'!B:B,15)
J6: Top 10 Overall (Avg %)
A7: Student Name | B7: Campus | C7: Class | D7: Assessments Count | E7: Avg % | F7: Most Improved (End-Start) | G7: Best % | H7: Worst % | J7: Rank | K7: Student | L7: Campus | M7: Class | N7: Avg %
A8: =IF(Students!A2="","",Students!A2) | B8: =IF($A8="","",Students!B2) | C8: =IF($A8="","",Students!C2) | D8: =IF($A8="","",COUNTIFS(Assessments!G:G,$A8,Assessments!B:B,">="&$B$4,Assessments!B:B,"<="&$B$5)) | E8: =IF($D8=0,"",ROUND(AVERAGEIFS(Assessments!J:J,Assessments!G:G,$A8,Assessments!B:B,">="&$B$4,Assessments!B:B,"<="&$B$5),0)) | F8: =IF($D8=0,"",IFERROR(AVERAGEIFS(Assessments!J:J,Assessments!G:G,$A8,Assessments!B:B,$B$5),0)-IFERROR(AVERAGEIFS(Assessments!J:J,Assessments!G:G,$A8,Assessments!B:B,$B$4),0)) | G8: =IF($D8=0,"",MAXIFS(Assessments!J:J,Assessments!G:G,$A8,Assessments!B:B,">="&$B$4,Assessments!B:B,"<="&$B$5)) | H8: =IF($D8=0,"",MINIFS(Assessments!J:J,Assessments!G:G,$A8,Assessments!B:B,">="&$B$4,Assessments!B:B,"<="&$B$5)) | J8: 1 | K8: =IF($N8="","",INDEX($A$8:$A$507,MATCH($N8,$E$8:$E$507,0))) | L8: =IF($K8="","",INDEX($B$8:$B$507,MATCH($N8,$E$8:$E$507,0))) | M8: =IF($K8="","",INDEX($C$8:$C$507,MATCH($N8,$E$8:$E$507,0))) | N8: =IFERROR(LARGE($E$8:$E$507,1),"")
A9: =IF(Students!A3="","",Students!A3) | B9: =IF($A9="","",Students!B3) | C9: =IF($A9="","",Students!C3) | D9: =IF($A9="","",COUNTIFS(Assessments!G:G,$A9,Assessments!B:B,">="&$B$4,Assessments!B:B,"<="&$B$5)) | E9: =IF($D9=0,"",ROUND(AVERAGEIFS(Assessments!J:J,Assessments!G:G,$A9,Assessments!B:B,">="&$B$4,Assessments!B:B,"<="&$B$5),0)) | F9: =IF($D9=0,"",IFERROR(AVERAGEIFS(Assessments!J:J,Assessments!G:G,$A9,Assessments!B:B,$B$5),0)-IFERROR(AVERAGEIFS(Assessments!J:J,Assessments!G:G,$A9,Assessments!B:B,$B$4),0)) | G9: =IF($D9=0,"",MAXIFS(Assessments!J:J,Assessments!G:G,$A9,Assessments!B:B,">="&$B$4,Assessments!B:B,"<="&$B$5)) | H9: =IF($D9=0,"",MINIFS(Assessments!J:J,Assessments!G:G,$A9,Assessments!B:B,">="&$B$4,Assessments!B:B,"<="&$B$5)) | J9: 2 | K9: =IF($N9="","",INDEX($A$8:$A$507,MATCH($N9,$E$8:$E$507,0))) | L9: =IF($K9="","",INDEX($B$8:$B$507,MATCH($N9,$E$8:$E$507,0))) | M9: =IF($K9="","",INDEX($C$8:$C$507,MATCH($N9,$E$8:$E$507,0))) | N9: =IFERROR(LARGE($E$8:$E$507,2),"")
A10: =IF(Students!A4="","",Students!A4) | B10: =IF($A10="","",Students!B4) | C10: =IF($A10="","",Students!C4) | D10: =IF($A10="","",COUNTIFS(Assessments!G:G,$A10,Assessments!B:B,">="&$B$4,Assessments!B:B,"<="&$B$5)) | E10: =IF($D10=0,"",ROUND(AVERAGEIFS(Assessments!J:J,Assessments!G:G,$A10,Assessments!B:B,">="&$B$4,Assessments!B:B,"<="&$B$5),0)) | F10: =IF($D10=0,"",IFERROR(AVERAGEIFS(Assessments!J:J,Assessments!G:G,$A10,Assessments!B:B,$B$5),0)-IFERROR(AVERAGEIFS(Assessments!J:J,Assessments!G:G,$A10,Assessments!B:B,$B$4),0)) | G10: =IF($D10=0,"",MAXIFS(Assessments!J:J,Assessments!G:G,$A10,Assessments!B:B,">="&$B$4,Assessments!B:B,"<="&$B$5)) | H10: =IF($D10=0,"",MINIFS(Assessments!J:J,Assessments!G:G,$A10,Assessments!B:B,">="&$B$4,Assessments!B:B,"<="&$B$5)) | J10: 3 | K10: =IF($N10="","",INDEX($A$8:$A$507,MATCH($N10,$E$8:$E$507,0))) | L10: =IF($K10="","",INDEX($B$8:$B$507,MATCH($N10,$E$8:$E$507,0))) | M10: =IF($K10="","",INDEX($C$8:$C$507,MATCH($N10,$E$8:$E$507,0))) | N10: =IFERROR(LARGE($E$8:$E$507,3),"")
A11: =IF(Students!A5="","",Students!A5) | B11: =IF($A11="","",Students!B5) | C11: =IF($A11="","",Students!C5) | D11: =IF($A11="","",COUNTIFS(Assessments!G:G,$A11,Assessments!B:B,">="&$B$4,Assessments!B:B,"<="&$B$5)) | E11: =IF($D11=0,"",ROUND(AVERAGEIFS(Assessments!J:J,Assessments!G:G,$A11,Assessments!B:B,">="&$B$4,Assessments!B:B,"<="&$B$5),0)) | F11: =IF($D11=0,"",IFERROR(AVERAGEIFS(Assessments!J:J,Assessments!G:G,$A11,Assessments!B:B,$B$5),0)-IFERROR(AVERAGEIFS(Assessments!J:J,Assessments!G:G,$A11,Assessments!B:B,$B$4),0)) | G11: =IF($D11=0,"",MAXIFS(Assessments!J:J,Assessments!G:G,$A11,Assessments!B:B,">="&$B$4,Assessments!B:B,"<="&$B$5)) | H11: =IF($D11=0,"",MINIFS(Assessments!J:J,Assessments!G:G,$A11,Assessments!B:B,">="&$B$4,Assessments!B:B,"<="&$B$5)) | J11: 4 | K11: =IF($N11="","",INDEX($A$8:$A$507,MATCH($N11,$E$8:$E$507,0))) | L11: =IF($K11="","",INDEX($B$8:$B$507,MATCH($N11,$E$8:$E$507,0))) | M11: =IF($K11="","",INDEX($C$8:$C$507,MATCH($N11,$E$8:$E$507,0))) | N11: =IFERROR(LARGE($E$8:$E$507,4),"")
A12: =IF(Students!A6="","",Students!A6) | B12: =IF($A12="","",Students!B6) | C12: =IF($A12="","",Students!C6) | D12: =IF($A12="","",COUNTIFS(Assessments!G:G,$A12,Assessments!B:B,">="&$B$4,Assessments!B:B,"<="&$B$5)) | E12: =IF($D12=0,"",ROUND(AVERAGEIFS(Assessments!J:J,Assessments!G:G,$A12,Assessments!B:B,">="&$B$4,Assessments!B:B,"<="&$B$5),0)) | F12: =IF($D12=0,"",IFERROR(AVERAGEIFS(Assessments!J:J,Assessments!G:G,$A12,Assessments!B:B,$B$5),0)-IFERROR(AVERAGEIFS(Assessments!J:J,Assessments!G:G,$A12,Assessments!B:B,$B$4),0)) | G12: =IF($D12=0,"",MAXIFS(Assessments!J:J,Assessments!G:G,$A12,Assessments!B:B,">="&$B$4,Assessments!B:B,"<="&$B$5)) | H12: =IF($D12=0,"",MINIFS(Assessments!J:J,Assessments!G:G,$A12,Assessments!B:B,">="&$B$4,Assessments!B:B,"<="&$B$5)) | J12: 5 | K12: =IF($N12="","",INDEX($A$8:$A$507,MATCH($N12,$E$8:$E$507,0))) | L12: =IF($K12="","",INDEX($B$8:$B$507,MATCH($N12,$E$8:$E$507,0))) | M12: =IF($K12="","",INDEX($C$8:$C$507,MATCH($N12,$E$8:$E$507,0))) | N12: =IFERROR(LARGE($E$8:$E$507,5),"")
A13: =IF(Students!A7="","",Students!A7) | B13: =IF($A13="","",Students!B7) | C13: =IF($A13="","",Students!C7) | D13: =IF($A13="","",COUNTIFS(Assessments!G:G,$A13,Assessments!B:B,">="&$B$4,Assessments!B:B,"<="&$B$5)) | E13: =IF($D13=0,"",ROUND(AVERAGEIFS(Assessments!J:J,Assessments!G:G,$A13,Assessments!B:B,">="&$B$4,Assessments!B:B,"<="&$B$5),0)) | F13: =IF($D13=0,"",IFERROR(AVERAGEIFS(Assessments!J:J,Assessments!G:G,$A13,Assessments!B:B,$B$5),0)-IFERROR(AVERAGEIFS(Assessments!J:J,Assessments!G:G,$A13,Assessments!B:B,$B$4),0)) | G13: =IF($D13=0,"",MAXIFS(Assessments!J:J,Assessments!G:G,$A13,Assessments!B:B,">="&$B$4,Assessments!B:B,"<="&$B$5)) | H13: =IF($D13=0,"",MINIFS(Assessments!J:J,Assessments!G:G,$A13,Assessments!B:B,">="&$B$4,Assessments!B:B,"<="&$B$5)) | J13: 6 | K13: =IF($N13="","",INDEX($A$8:$A$507,MATCH($N13,$E$8:$E$507,0))) | L13: =IF($K13="","",INDEX($B$8:$B$507,MATCH($N13,$E$8:$E$507,0))) | M13: =IF($K13="","",INDEX($C$8:$C$507,MATCH($N13,$E$8:$E$507,0))) | N13: =IFERROR(LARGE($E$8:$E$507,6),"")
A14: =IF(Students!A8="","",Students!A8) | B14: =IF($A14="","",Students!B8) | C14: =IF($A14="","",Students!C8) | D14: =IF($A14="","",COUNTIFS(Assessments!G:G,$A14,Assessments!B:B,">="&$B$4,Assessments!B:B,"<="&$B$5)) | E14: =IF($D14=0,"",ROUND(AVERAGEIFS(Assessments!J:J,Assessments!G:G,$A14,Assessments!B:B,">="&$B$4,Assessments!B:B,"<="&$B$5),0)) | F14: =IF($D14=0,"",IFERROR(AVERAGEIFS(Assessments!J:J,Assessments!G:G,$A14,Assessments!B:B,$B$5),0)-IFERROR(AVERAGEIFS(Assessments!J:J,Assessments!G:G,$A14,Assessments!B:B,$B$4),0)) | G14: =IF($D14=0,"",MAXIFS(Assessments!J:J,Assessments!G:G,$A14,Assessments!B:B,">="&$B$4,Assessments!B:B,"<="&$B$5)) | H14: =IF($D14=0,"",MINIFS(Assessments!J:J,Assessments!G:G,$A14,Assessments!B:B,">="&$B$4,Assessments!B:B,"<="&$B$5)) | J14: 7 | K14: =IF($N14="","",INDEX($A$8:$A$507,MATCH($N14,$E$8:$E$507,0))) | L14: =IF($K14="","",INDEX($B$8:$B$507,MATCH($N14,$E$8:$E$507,0))) | M14: =IF($K14="","",INDEX($C$8:$C$507,MATCH($N14,$E$8:$E$507,0))) | N14: =IFERROR(LARGE($E$8:$E$507,7),"")
A15: =IF(Students!A9="","",Students!A9) | B15: =IF($A15="","",Students!B9) | C15: =IF($A15="","",Students!C9) | D15: =IF($A15="","",COUNTIFS(Assessments!G:G,$A15,Assessments!B:B,">="&$B$4,Assessments!B:B,"<="&$B$5)) | E15: =IF($D15=0,"",ROUND(AVERAGEIFS(Assessments!J:J,Assessments!G:G,$A15,Assessments!B:B,">="&$B$4,Assessments!B:B,"<="&$B$5),0)) | F15: =IF($D15=0,"",IFERROR(AVERAGEIFS(Assessments!J:J,Assessments!G:G,$A15,Assessments!B:B,$B$5),0)-IFERROR(AVERAGEIFS(Assessments!J:J,Assessments!G:G,$A15,Assessments!B:B,$B$4),0)) | G15: =IF($D15=0,"",MAXIFS(Assessments!J:J,Assessments!G:G,$A15,Assessments!B:B,">="&$B$4,Assessments!B:B,"<="&$B$5)) | H15: =IF($D15=0,"",MINIFS(Assessments!J:J,Assessments!G:G,$A15,Assessments!B:B,">="&$B$4,Assessments!B:B,"<="&$B$5)) | J15: 8 | K15: =IF($N15="","",INDEX($A$8:$A$507,MATCH($N15,$E$8:$E$507,0))) | L15: =IF($K15="","",INDEX($B$8:$B$507,MATCH($N15,$E$8:$E$507,0))) | M15: =IF($K15="","",INDEX($C$8:$C$507,MATCH($N15,$E$8:$E$507,0))) | N15: =IFERROR(LARGE($E$8:$E$507,8),"")
A16: =IF(Students!A10="","",Students!A10) | B16: =IF($A16="","",Students!B10) | C16: =IF($A16="","",Students!C10) | D16: =IF($A16="","",COUNTIFS(Assessments!G:G,$A16,Assessments!B:B,">="&$B$4,Assessments!B:B,"<="&$B$5)) | E16: =IF($D16=0,"",ROUND(AVERAGEIFS(Assessments!J:J,Assessments!G:G,$A16,Assessments!B:B,">="&$B$4,Assessments!B:B,"<="&$B$5),0)) | F16: =IF($D16=0,"",IFERROR(AVERAGEIFS(Assessments!J:J,Assessments!G:G,$A16,Assessments!B:B,$B$5),0)-IFERROR(AVERAGEIFS(Assessments!J:J,Assessments!G:G,$A16,Assessments!B:B,$B$4),0)) | G16: =IF($D16=0,"",MAXIFS(Assessments!J:J,Assessments!G:G,$A16,Assessments!B:B,">="&$B$4,Assessments!B:B,"<="&$B$5)) | H16: =IF($D16=0,"",MINIFS(Assessments!J:J,Assessments!G:G,$A16,Assessments!B:B,">="&$B$4,Assessments!B:B,"<="&$B$5)) | J16: 9 | K16: =IF($N16="","",INDEX($A$8:$A$507,MATCH($N16,$E$8:$E$507,0))) | L16: =IF($K16="","",INDEX($B$8:$B$507,MATCH($N16,$E$8:$E$507,0))) | M16: =IF($K16="","",INDEX($C$8:$C$507,MATCH($N16,$E$8:$E$507,0))) | N16: =IFERROR(LARGE($E$8:$E$507,9),"")
A17: =IF(Students!A11="","",Students!A11) | B17: =IF($A17="","",Students!B11) | C17: =IF($A17="","",Students!C11) | D17: =IF($A17="","",COUNTIFS(Assessments!G:G,$A17,Assessments!B:B,">="&$B$4,Assessments!B:B,"<="&$B$5)) | E17: =IF($D17=0,"",ROUND(AVERAGEIFS(Assessments!J:J,Assessments!G:G,$A17,Assessments!B:B,">="&$B$4,Assessments!B:B,"<="&$B$5),0)) | F17: =IF($D17=0,"",IFERROR(AVERAGEIFS(Assessments!J:J,Assessments!G:G,$A17,Assessments!B:B,$B$5),0)-IFERROR(AVERAGEIFS(Assessments!J:J,Assessments!G:G,$A17,Assessments!B:B,$B$4),0)) | G17: =IF($D17=0,"",MAXIFS(Assessments!J:J,Assessments!G:G,$A17,Assessments!B:B,">="&$B$4,Assessments!B:B,"<="&$B$5)) | H17: =IF($D17=0,"",MINIFS(Assessments!J:J,Assessments!G:G,$A17,Assessments!B:B,">="&$B$4,Assessments!B:B,"<="&$B$5)) | J17: 10 | K17: =IF($N17="","",INDEX($A$8:$A$507,MATCH($N17,$E$8:$E$507,0))) | L17: =IF($K17="","",INDEX($B$8:$B$507,MATCH($N17,$E$8:$E$507,0))) | M17: =IF($K17="","",INDEX($C$8:$C$507,MATCH($N17,$E$8:$E$507,0))) | N17: =IFERROR(LARGE($E$8:$E$507,10),"")
A18: =IF(Students!A12="","",Students!A12) | B18: =IF($A18="","",Students!B12) | C18: =IF($A18="","",Students!C12) | D18: =IF($A18="","",COUNTIFS(Assessments!G:G,$A18,Assessments!B:B,">="&$B$4,Assessments!B:B,"<="&$B$5)) | E18: =IF($D18=0,"",ROUND(AVERAGEIFS(Assessments!J:J,Assessments!G:G,$A18,Assessments!B:B,">="&$B$4,Assessments!B:B,"<="&$B$5),0)) | F18: =IF($D18=0,"",IFERROR(AVERAGEIFS(Assessments!J:J,Assessments!G:G,$A18,Assessments!B:B,$B$5),0)-IFERROR(AVERAGEIFS(Assessments!J:J,Assessments!G:G,$A18,Assessments!B:B,$B$4),0)) | G18: =IF($D18=0,"",MAXIFS(Assessments!J:J,Assessments!G:G,$A18,Assessments!B:B,">="&$B$4,Assessments!B:B,"<="&$B$5)) | H18: =IF($D18=0,"",MINIFS(Assessments!J:J,Assessments!G:G,$A18,Assessments!B:B,">="&$B$4,Assessments!B:B,"<="&$B$5))
A19: =IF(Students!A13="","",Students!A13) | B19: =IF($A19="","",Students!B13) | C19: =IF($A19="","",Students!C13) | D19: =IF($A19="","",COUNTIFS(Assessments!G:G,$A19,Assessments!B:B,">="&$B$4,Assessments!B:B,"<="&$B$5)) | E19: =IF($D19=0,"",ROUND(AVERAGEIFS(Assessments!J:J,Assessments!G:G,$A19,Assessments!B:B,">="&$B$4,Assessments!B:B,"<="&$B$5),0)) | F19: =IF($D19=0,"",IFERROR(AVERAGEIFS(Assessments!J:J,Assessments!G:G,$A19,Assessments!B:B,$B$5),0)-IFERROR(AVERAGEIFS(Assessments!J:J,Assessments!G:G,$A19,Assessments!B:B,$B$4),0)) | G19: =IF($D19=0,"",MAXIFS(Assessments!J:J,Assessments!G:G,$A19,Assessments!B:B,">="&$B$4,Assessments!B:B,"<="&$B$5)) | H19: =IF($D19=0,"",MINIFS(Assessments!J:J,Assessments!G:G,$A19,Assessments!B:B,">="&$B$4,Assessments!B:B,"<="&$B$5)) | J19: Top 10 Most Improved (End-Start)
A20: =IF(Students!A14="","",Students!A14) | B20: =IF($A20="","",Students!B14) | C20: =IF($A20="","",Students!C14) | D20: =IF($A20="","",COUNTIFS(Assessments!G:G,$A20,Assessments!B:B,">="&$B$4,Assessments!B:B,"<="&$B$5)) | E20: =IF($D20=0,"",ROUND(AVERAGEIFS(Assessments!J:J,Assessments!G:G,$A20,Assessments!B:B,">="&$B$4,Assessments!B:B,"<="&$B$5),0)) | F20: =IF($D20=0,"",IFERROR(AVERAGEIFS(Assessments!J:J,Assessments!G:G,$A20,Assessments!B:B,$B$5),0)-IFERROR(AVERAGEIFS(Assessments!J:J,Assessments!G:G,$A20,Assessments!B:B,$B$4),0)) | G20: =IF($D20=0,"",MAXIFS(Assessments!J:J,Assessments!G:G,$A20,Assessments!B:B,">="&$B$4,Assessments!B:B,"<="&$B$5)) | H20: =IF($D20=0,"",MINIFS(Assessments!J:J,Assessments!G:G,$A20,Assessments!B:B,">="&$B$4,Assessments!B:B,"<="&$B$5)) | J20: Rank | K20: Student | L20: Campus | M20: Class | N20: Improvement
A21: =IF(Students!A15="","",Students!A15) | B21: =IF($A21="","",Students!B15) | C21: =IF($A21="","",Students!C15) | D21: =IF($A21="","",COUNTIFS(Assessments!G:G,$A21,Assessments!B:B,">="&$B$4,Assessments!B:B,"<="&$B$5)) | E21: =IF($D21=0,"",ROUND(AVERAGEIFS(Assessments!J:J,Assessments!G:G,$A21,Assessments!B:B,">="&$B$4,Assessments!B:B,"<="&$B$5),0)) | F21: =IF($D21=0,"",IFERROR(AVERAGEIFS(Assessments!J:J,Assessments!G:G,$A21,Assessments!B:B,$B$5),0)-IFERROR(AVERAGEIFS(Assessments!J:J,Assessments!G:G,$A21,Assessments!B:B,$B$4),0)) | G21: =IF($D21=0,"",MAXIFS(Assessments!J:J,Assessments!G:G,$A21,Assessments!B:B,">="&$B$4,Assessments!B:B,"<="&$B$5)) | H21: =IF($D21=0,"",MINIFS(Assessments!J:J,Assessments!G:G,$A21,Assessments!B:B,">="&$B$4,Assessments!B:B,"<="&$B$5)) | J21: 1 | K21: =IF($N21="","",INDEX($A$8:$A$507,MATCH($N21,$F$8:$F$507,0))) | L21: =IF($K21="","",INDEX($B$8:$B$507,MATCH($N21,$F$8:$F$507,0))) | M21: =IF($K21="","",INDEX($C$8:$C$507,MATCH($N21,$F$8:$F$507,0))) | N21: =IFERROR(LARGE($F$8:$F$507,1),"")
A22: =IF(Students!A16="","",Students!A16) | B22: =IF($A22="","",Students!B16) | C22: =IF($A22="","",Students!C16) | D22: =IF($A22="","",COUNTIFS(Assessments!G:G,$A22,Assessments!B:B,">="&$B$4,Assessments!B:B,"<="&$B$5)) | E22: =IF($D22=0,"",ROUND(AVERAGEIFS(Assessments!J:J,Assessments!G:G,$A22,Assessments!B:B,">="&$B$4,Assessments!B:B,"<="&$B$5),0)) | F22: =IF($D22=0,"",IFERROR(AVERAGEIFS(Assessments!J:J,Assessments!G:G,$A22,Assessments!B:B,$B$5),0)-IFERROR(AVERAGEIFS(Assessments!J:J,Assessments!G:G,$A22,Assessments!B:B,$B$4),0)) | G22: =IF($D22=0,"",MAXIFS(Assessments!J:J,Assessments!G:G,$A22,Assessments!B:B,">="&$B$4,Assessments!B:B,"<="&$B$5)) | H22: =IF($D22=0,"",MINIFS(Assessments!J:J,Assessments!G:G,$A22,Assessments!B:B,">="&$B$4,Assessments!B:B,"<="&$B$5)) | J22: 2 | K22: =IF($N22="","",INDEX($A$8:$A$507,MATCH($N22,$F$8:$F$507,0))) | L22: =IF($K22="","",INDEX($B$8:$B$507,MATCH($N22,$F$8:$F$507,0))) | M22: =IF($K22="","",INDEX($C$8:$C$507,MATCH($N22,$F$8:$F$507,0))) | N22: =IFERROR(LARGE($F$8:$F$507,2),"")
A23: =IF(Students!A17="","",Students!A17) | B23: =IF($A23="","",Students!B17) | C23: =IF($A23="","",Students!C17) | D23: =IF($A23="","",COUNTIFS(Assessments!G:G,$A23,Assessments!B:B,">="&$B$4,Assessments!B:B,"<="&$B$5)) | E23: =IF($D23=0,"",ROUND(AVERAGEIFS(Assessments!J:J,Assessments!G:G,$A23,Assessments!B:B,">="&$B$4,Assessments!B:B,"<="&$B$5),0)) | F23: =IF($D23=0,"",IFERROR(AVERAGEIFS(Assessments!J:J,Assessments!G:G,$A23,Assessments!B:B,$B$5),0)-IFERROR(AVERAGEIFS(Assessments!J:J,Assessments!G:G,$A23,Assessments!B:B,$B$4),0)) | G23: =IF($D23=0,"",MAXIFS(Assessments!J:J,Assessments!G:G,$A23,Assessments!B:B,">="&$B$4,Assessments!B:B,"<="&$B$5)) | H23: =IF($D23=0,"",MINIFS(Assessments!J:J,Assessments!G:G,$A23,Assessments!B:B,">="&$B$4,Assessments!B:B,"<="&$B$5)) | J23: 3 | K23: =IF($N23="","",INDEX($A$8:$A$507,MATCH($N23,$F$8:$F$507,0))) | L23: =IF($K23="","",INDEX($B$8:$B$507,MATCH($N23,$F$8:$F$507,0))) | M23: =IF($K23="","",INDEX($C$8:$C$507,MATCH($N23,$F$8:$F$507,0))) | N23: =IFERROR(LARGE($F$8:$F$507,3),"")
A24: =IF(Students!A18="","",Students!A18) | B24: =IF($A24="","",Students!B18) | C24: =IF($A24="","",Students!C18) | D24: =IF($A24="","",COUNTIFS(Assessments!G:G,$A24,Assessments!B:B,">="&$B$4,Assessments!B:B,"<="&$B$5)) | E24: =IF($D24=0,"",ROUND(AVERAGEIFS(Assessments!J:J,Assessments!G:G,$A24,Assessments!B:B,">="&$B$4,Assessments!B:B,"<="&$B$5),0)) | F24: =IF($D24=0,"",IFERROR(AVERAGEIFS(Assessments!J:J,Assessments!G:G,$A24,Assessments!B:B,$B$5),0)-IFERROR(AVERAGEIFS(Assessments!J:J,Assessments!G:G,$A24,Assessments!B:B,$B$4),0)) | G24: =IF($D24=0,"",MAXIFS(Assessments!J:J,Assessments!G:G,$A24,Assessments!B:B,">="&$B$4,Assessments!B:B,"<="&$B$5)) | H24: =IF($D24=0,"",MINIFS(Assessments!J:J,Assessments!G:G,$A24,Assessments!B:B,">="&$B$4,Assessments!B:B,"<="&$B$5)) | J24: 4 | K24: =IF($N24="","",INDEX($A$8:$A$507,MATCH($N24,$F$8:$F$507,0))) | L24: =IF($K24="","",INDEX($B$8:$B$507,MATCH($N24,$F$8:$F$507,0))) | M24: =IF($K24="","",INDEX($C$8:$C$507,MATCH($N24,$F$8:$F$507,0))) | N24: =IFERROR(LARGE($F$8:$F$507,4),"")
A25: =IF(Students!A19="","",Students!A19) | B25: =IF($A25="","",Students!B19) | C25: =IF($A25="","",Students!C19) | D25: =IF($A25="","",COUNTIFS(Assessments!G:G,$A25,Assessments!B:B,">="&$B$4,Assessments!B:B,"<="&$B$5)) | E25: =IF($D25=0,"",ROUND(AVERAGEIFS(Assessments!J:J,Assessments!G:G,$A25,Assessments!B:B,">="&$B$4,Assessments!B:B,"<="&$B$5),0)) | F25: =IF($D25=0,"",IFERROR(AVERAGEIFS(Assessments!J:J,Assessments!G:G,$A25,Assessments!B:B,$B$5),0)-IFERROR(AVERAGEIFS(Assessments!J:J,Assessments!G:G,$A25,Assessments!B:B,$B$4),0)) | G25: =IF($D25=0,"",MAXIFS(Assessments!J:J,Assessments!G:G,$A25,Assessments!B:B,">="&$B$4,Assessments!B:B,"<="&$B$5)) | H25: =IF($D25=0,"",MINIFS(Assessments!J:J,Assessments!G:G,$A25,Assessments!B:B,">="&$B$4,Assessments!B:B,"<="&$B$5)) | J25: 5 | K25: =IF($N25="","",INDEX($A$8:$A$507,MATCH($N25,$F$8:$F$507,0))) | L25: =IF($K25="","",INDEX($B$8:$B$507,MATCH($N25,$F$8:$F$507,0))) | M25: =IF($K25="","",INDEX($C$8:$C$507,MATCH($N25,$F$8:$F$507,0))) | N25: =IFERROR(LARGE($F$8:$F$507,5),"")
A26: =IF(Students!A20="","",Students!A20) | B26: =IF($A26="","",Students!B20) | C26: =IF($A26="","",Students!C20) | D26: =IF($A26="","",COUNTIFS(Assessments!G:G,$A26,Assessments!B:B,">="&$B$4,Assessments!B:B,"<="&$B$5)) | E26: =IF($D26=0,"",ROUND(AVERAGEIFS(Assessments!J:J,Assessments!G:G,$A26,Assessments!B:B,">="&$B$4,Assessments!B:B,"<="&$B$5),0)) | F26: =IF($D26=0,"",IFERROR(AVERAGEIFS(Assessments!J:J,Assessments!G:G,$A26,Assessments!B:B,$B$5),0)-IFERROR(AVERAGEIFS(Assessments!J:J,Assessments!G:G,$A26,Assessments!B:B,$B$4),0)) | G26: =IF($D26=0,"",MAXIFS(Assessments!J:J,Assessments!G:G,$A26,Assessments!B:B,">="&$B$4,Assessments!B:B,"<="&$B$5)) | H26: =IF($D26=0,"",MINIFS(Assessments!J:J,Assessments!G:G,$A26,Assessments!B:B,">="&$B$4,Assessments!B:B,"<="&$B$5)) | J26: 6 | K26: =IF($N26="","",INDEX($A$8:$A$507,MATCH($N26,$F$8:$F$507,0))) | L26: =IF($K26="","",INDEX($B$8:$B$507,MATCH($N26,$F$8:$F$507,0))) | M26: =IF($K26="","",INDEX($C$8:$C$507,MATCH($N26,$F$8:$F$507,0))) | N26: =IFERROR(LARGE($F$8:$F$507,6),"")
A27: =IF(Students!A21="","",Students!A21) | B27: =IF($A27="","",Students!B21) | C27: =IF($A27="","",Students!C21) | D27: =IF($A27="","",COUNTIFS(Assessments!G:G,$A27,Assessments!B:B,">="&$B$4,Assessments!B:B,"<="&$B$5)) | E27: =IF($D27=0,"",ROUND(AVERAGEIFS(Assessments!J:J,Assessments!G:G,$A27,Assessments!B:B,">="&$B$4,Assessments!B:B,"<="&$B$5),0)) | F27: =IF($D27=0,"",IFERROR(AVERAGEIFS(Assessments!J:J,Assessments!G:G,$A27,Assessments!B:B,$B$5),0)-IFERROR(AVERAGEIFS(Assessments!J:J,Assessments!G:G,$A27,Assessments!B:B,$B$4),0)) | G27: =IF($D27=0,"",MAXIFS(Assessments!J:J,Assessments!G:G,$A27,Assessments!B:B,">="&$B$4,Assessments!B:B,"<="&$B$5)) | H27: =IF($D27=0,"",MINIFS(Assessments!J:J,Assessments!G:G,$A27,Assessments!B:B,">="&$B$4,Assessments!B:B,"<="&$B$5)) | J27: 7 | K27: =IF($N27="","",INDEX($A$8:$A$507,MATCH($N27,$F$8:$F$507,0))) | L27: =IF($K27="","",INDEX($B$8:$B$507,MATCH($N27,$F$8:$F$507,0))) | M27: =IF($K27="","",INDEX($C$8:$C$507,MATCH($N27,$F$8:$F$507,0))) | N27: =IFERROR(LARGE($F$8:$F$507,7),"")
A28: =IF(Students!A22="","",Students!A22) | B28: =IF($A28="","",Students!B22) | C28: =IF($A28="","",Students!C22) | D28: =IF($A28="","",COUNTIFS(Assessments!G:G,$A28,Assessments!B:B,">="&$B$4,Assessments!B:B,"<="&$B$5)) | E28: =IF($D28=0,"",ROUND(AVERAGEIFS(Assessments!J:J,Assessments!G:G,$A28,Assessments!B:B,">="&$B$4,Assessments!B:B,"<="&$B$5),0)) | F28: =IF($D28=0,"",IFERROR(AVERAGEIFS(Assessments!J:J,Assessments!G:G,$A28,Assessments!B:B,$B$5),0)-IFERROR(AVERAGEIFS(Assessments!J:J,Assessments!G:G,$A28,Assessments!B:B,$B$4),0)) | G28: =IF($D28=0,"",MAXIFS(Assessments!J:J,Assessments!G:G,$A28,Assessments!B:B,">="&$B$4,Assessments!B:B,"<="&$B$5)) | H28: =IF($D28=0,"",MINIFS(Assessments!J:J,Assessments!G:G,$A28,Assessments!B:B,">="&$B$4,Assessments!B:B,"<="&$B$5)) | J28: 8 | K28: =IF($N28="","",INDEX($A$8:$A$507,MATCH($N28,$F$8:$F$507,0))) | L28: =IF($K28="","",INDEX($B$8:$B$507,MATCH($N28,$F$8:$F$507,0))) | M28: =IF($K28="","",INDEX($C$8:$C$507,MATCH($N28,$F$8:$F$507,0))) | N28: =IFERROR(LARGE($F$8:$F$507,8),"")
A29: =IF(Students!A23="","",Students!A23) | B29: =IF($A29="","",Students!B23) | C29: =IF($A29="","",Students!C23) | D29: =IF($A29="","",COUNTIFS(Assessments!G:G,$A29,Assessments!B:B,">="&$B$4,Assessments!B:B,"<="&$B$5)) | E29: =IF($D29=0,"",ROUND(AVERAGEIFS(Assessments!J:J,Assessments!G:G,$A29,Assessments!B:B,">="&$B$4,Assessments!B:B,"<="&$B$5),0)) | F29: =IF($D29=0,"",IFERROR(AVERAGEIFS(Assessments!J:J,Assessments!G:G,$A29,Assessments!B:B,$B$5),0)-IFERROR(AVERAGEIFS(Assessments!J:J,Assessments!G:G,$A29,Assessments!B:B,$B$4),0)) | G29: =IF($D29=0,"",MAXIFS(Assessments!J:J,Assessments!G:G,$A29,Assessments!B:B,">="&$B$4,Assessments!B:B,"<="&$B$5)) | H29: =IF($D29=0,"",MINIFS(Assessments!J:J,Assessments!G:G,$A29,Assessments!B:B,">="&$B$4,Assessments!B:B,"<="&$B$5)) | J29: 9 | K29: =IF($N29="","",INDEX($A$8:$A$507,MATCH($N29,$F$8:$F$507,0))) | L29: =IF($K29="","",INDEX($B$8:$B$507,MATCH($N29,$F$8:$F$507,0))) | M29: =IF($K29="","",INDEX($C$8:$C$507,MATCH($N29,$F$8:$F$507,0))) | N29: =IFERROR(LARGE($F$8:$F$507,9),"")
A30: =IF(Students!A24="","",Students!A24) | B30: =IF($A30="","",Students!B24) | C30: =IF($A30="","",Students!C24) | D30: =IF($A30="","",COUNTIFS(Assessments!G:G,$A30,Assessments!B:B,">="&$B$4,Assessments!B:B,"<="&$B$5)) | E30: =IF($D30=0,"",ROUND(AVERAGEIFS(Assessments!J:J,Assessments!G:G,$A30,Assessments!B:B,">="&$B$4,Assessments!B:B,"<="&$B$5),0)) | F30: =IF($D30=0,"",IFERROR(AVERAGEIFS(Assessments!J:J,Assessments!G:G,$A30,Assessments!B:B,$B$5),0)-IFERROR(AVERAGEIFS(Assessments!J:J,Assessments!G:G,$A30,Assessments!B:B,$B$4),0)) | G30: =IF($D30=0,"",MAXIFS(Assessments!J:J,Assessments!G:G,$A30,Assessments!B:B,">="&$B$4,Assessments!B:B,"<="&$B$5)) | H30: =IF($D30=0,"",MINIFS(Assessments!J:J,Assessments!G:G,$A30,Assessments!B:B,">="&$B$4,Assessments!B:B,"<="&$B$5)) | J30: 10 | K30: =IF($N30="","",INDEX($A$8:$A$507,MATCH($N30,$F$8:$F$507,0))) | L30: =IF($K30="","",INDEX($B$8:$B$507,MATCH($N30,$F$8:$F$507,0))) | M30: =IF($K30="","",INDEX($C$8:$C$507,MATCH($N30,$F$8:$F$507,0))) | N30: =IFERROR(LARGE($F$8:$F$507,10),"")
A31: =IF(Students!A25="","",Students!A25) | B31: =IF($A31="","",Students!B25) | C31: =IF($A31="","",Students!C25) | D31: =IF($A31="","",COUNTIFS(Assessments!G:G,$A31,Assessments!B:B,">="&$B$4,Assessments!B:B,"<="&$B$5)) | E31: =IF($D31=0,"",ROUND(AVERAGEIFS(Assessments!J:J,Assessments!G:G,$A31,Assessments!B:B,">="&$B$4,Assessments!B:B,"<="&$B$5),0)) | F31: =IF($D31=0,"",IFERROR(AVERAGEIFS(Assessments!J:J,Assessments!G:G,$A31,Assessments!B:B,$B$5),0)-IFERROR(AVERAGEIFS(Assessments!J:J,Assessments!G:G,$A31,Assessments!B:B,$B$4),0)) | G31: =IF($D31=0,"",MAXIFS(Assessments!J:J,Assessments!G:G,$A31,Assessments!B:B,">="&$B$4,Assessments!B:B,"<="&$B$5)) | H31: =IF($D31=0,"",MINIFS(Assessments!J:J,Assessments!G:G,$A31,Assessments!B:B,">="&$B$4,Assessments!B:B,"<="&$B$5))
A32: =IF(Students!A26="","",Students!A26) | B32: =IF($A32="","",Students!B26) | C32: =IF($A32="","",Students!C26) | D32: =IF($A32="","",COUNTIFS(Assessments!G:G,$A32,Assessments!B:B,">="&$B$4,Assessments!B:B,"<="&$B$5)) | E32: =IF($D32=0,"",ROUND(AVERAGEIFS(Assessments!J:J,Assessments!G:G,$A32,Assessments!B:B,">="&$B$4,Assessments!B:B,"<="&$B$5),0)) | F32: =IF($D32=0,"",IFERROR(AVERAGEIFS(Assessments!J:J,Assessments!G:G,$A32,Assessments!B:B,$B$5),0)-IFERROR(AVERAGEIFS(Assessments!J:J,Assessments!G:G,$A32,Assessments!B:B,$B$4),0)) | G32: =IF($D32=0,"",MAXIFS(Assessments!J:J,Assessments!G:G,$A32,Assessments!B:B,">="&$B$4,Assessments!B:B,"<="&$B$5)) | H32: =IF($D32=0,"",MINIFS(Assessments!J:J,Assessments!G:G,$A32,Assessments!B:B,">="&$B$4,Assessments!B:B,"<="&$B$5)) | J32: Best Student Per Class & Subject (Top 20 list)
A33: =IF(Students!A27="","",Students!A27) | B33: =IF($A33="","",Students!B27) | C33: =IF($A33="","",Students!C27) | D33: =IF($A33="","",COUNTIFS(Assessments!G:G,$A33,Assessments!B:B,">="&$B$4,Assessments!B:B,"<="&$B$5)) | E33: =IF($D33=0,"",ROUND(AVERAGEIFS(Assessments!J:J,Assessments!G:G,$A33,Assessments!B:B,">="&$B$4,Assessments!B:B,"<="&$B$5),0)) | F33: =IF($D33=0,"",IFERROR(AVERAGEIFS(Assessments!J:J,Assessments!G:G,$A33,Assessments!B:B,$B$5),0)-IFERROR(AVERAGEIFS(Assessments!J:J,Assessments!G:G,$A33,Assessments!B:B,$B$4),0)) | G33: =IF($D33=0,"",MAXIFS(Assessments!J:J,Assessments!G:G,$A33,Assessments!B:B,">="&$B$4,Assessments!B:B,"<="&$B$5)) | H33: =IF($D33=0,"",MINIFS(Assessments!J:J,Assessments!G:G,$A33,Assessments!B:B,">="&$B$4,Assessments!B:B,"<="&$B$5)) | J33: Class | K33: Subject | L33: Student | M33: Avg % (Subject)
A34: =IF(Students!A28="","",Students!A28) | B34: =IF($A34="","",Students!B28) | C34: =IF($A34="","",Students!C28) | D34: =IF($A34="","",COUNTIFS(Assessments!G:G,$A34,Assessments!B:B,">="&$B$4,Assessments!B:B,"<="&$B$5)) | E34: =IF($D34=0,"",ROUND(AVERAGEIFS(Assessments!J:J,Assessments!G:G,$A34,Assessments!B:B,">="&$B$4,Assessments!B:B,"<="&$B$5),0)) | F34: =IF($D34=0,"",IFERROR(AVERAGEIFS(Assessments!J:J,Assessments!G:G,$A34,Assessments!B:B,$B$5),0)-IFERROR(AVERAGEIFS(Assessments!J:J,Assessments!G:G,$A34,Assessments!B:B,$B$4),0)) | G34: =IF($D34=0,"",MAXIFS(Assessments!J:J,Assessments!G:G,$A34,Assessments!B:B,">="&$B$4,Assessments!B:B,"<="&$B$5)) | H34: =IF($D34=0,"",MINIFS(Assessments!J:J,Assessments!G:G,$A34,Assessments!B:B,">="&$B$4,Assessments!B:B,"<="&$B$5)) | L34: =IF(OR($J34="", $K34=""),"",INDEX(Assessments!G:G,MATCH(MAXIFS(Assessments!J:J,Assessments!D:D,$J34,Assessments!E:E,$K34,Assessments!B:B,">="&$B$4,Assessments!B:B,"<="&$B$5),FILTER(Assessments!J:J,(Assessments!D:D=$J34)*(Assessments!E:E=$K34)*(Assessments!B:B>=$B$4)*(Assessments!B:B<=$B$5)),0))) | M34: =IF(OR($J34="", $K34=""),"",MAXIFS(Assessments!J:J,Assessments!D:D,$J34,Assessments!E:E,$K34,Assessments!B:B,">="&$B$4,Assessments!B:B,"<="&$B$5))
A35: =IF(Students!A29="","",Students!A29) | B35: =IF($A35="","",Students!B29) | C35: =IF($A35="","",Students!C29) | D35: =IF($A35="","",COUNTIFS(Assessments!G:G,$A35,Assessments!B:B,">="&$B$4,Assessments!B:B,"<="&$B$5)) | E35: =IF($D35=0,"",ROUND(AVERAGEIFS(Assessments!J:J,Assessments!G:G,$A35,Assessments!B:B,">="&$B$4,Assessments!B:B,"<="&$B$5),0)) | F35: =IF($D35=0,"",IFERROR(AVERAGEIFS(Assessments!J:J,Assessments!G:G,$A35,Assessments!B:B,$B$5),0)-IFERROR(AVERAGEIFS(Assessments!J:J,Assessments!G:G,$A35,Assessments!B:B,$B$4),0)) | G35: =IF($D35=0,"",MAXIFS(Assessments!J:J,Assessments!G:G,$A35,Assessments!B:B,">="&$B$4,Assessments!B:B,"<="&$B$5)) | H35: =IF($D35=0,"",MINIFS(Assessments!J:J,Assessments!G:G,$A35,Assessments!B:B,">="&$B$4,Assessments!B:B,"<="&$B$5)) | L35: =IF(OR($J35="", $K35=""),"",INDEX(Assessments!G:G,MATCH(MAXIFS(Assessments!J:J,Assessments!D:D,$J35,Assessments!E:E,$K35,Assessments!B:B,">="&$B$4,Assessments!B:B,"<="&$B$5),FILTER(Assessments!J:J,(Assessments!D:D=$J35)*(Assessments!E:E=$K35)*(Assessments!B:B>=$B$4)*(Assessments!B:B<=$B$5)),0))) | M35: =IF(OR($J35="", $K35=""),"",MAXIFS(Assessments!J:J,Assessments!D:D,$J35,Assessments!E:E,$K35,Assessments!B:B,">="&$B$4,Assessments!B:B,"<="&$B$5))
A36: =IF(Students!A30="","",Students!A30) | B36: =IF($A36="","",Students!B30) | C36: =IF($A36="","",Students!C30) | D36: =IF($A36="","",COUNTIFS(Assessments!G:G,$A36,Assessments!B:B,">="&$B$4,Assessments!B:B,"<="&$B$5)) | E36: =IF($D36=0,"",ROUND(AVERAGEIFS(Assessments!J:J,Assessments!G:G,$A36,Assessments!B:B,">="&$B$4,Assessments!B:B,"<="&$B$5),0)) | F36: =IF($D36=0,"",IFERROR(AVERAGEIFS(Assessments!J:J,Assessments!G:G,$A36,Assessments!B:B,$B$5),0)-IFERROR(AVERAGEIFS(Assessments!J:J,Assessments!G:G,$A36,Assessments!B:B,$B$4),0)) | G36: =IF($D36=0,"",MAXIFS(Assessments!J:J,Assessments!G:G,$A36,Assessments!B:B,">="&$B$4,Assessments!B:B,"<="&$B$5)) | H36: =IF($D36=0,"",MINIFS(Assessments!J:J,Assessments!G:G,$A36,Assessments!B:B,">="&$B$4,Assessments!B:B,"<="&$B$5)) | L36: =IF(OR($J36="", $K36=""),"",INDEX(Assessments!G:G,MATCH(MAXIFS(Assessments!J:J,Assessments!D:D,$J36,Assessments!E:E,$K36,Assessments!B:B,">="&$B$4,Assessments!B:B,"<="&$B$5),FILTER(Assessments!J:J,(Assessments!D:D=$J36)*(Assessments!E:E=$K36)*(Assessments!B:B>=$B$4)*(Assessments!B:B<=$B$5)),0))) | M36: =IF(OR($J36="", $K36=""),"",MAXIFS(Assessments!J:J,Assessments!D:D,$J36,Assessments!E:E,$K36,Assessments!B:B,">="&$B$4,Assessments!B:B,"<="&$B$5))
A37: =IF(Students!A31="","",Students!A31) | B37: =IF($A37="","",Students!B31) | C37: =IF($A37="","",Students!C31) | D37: =IF($A37="","",COUNTIFS(Assessments!G:G,$A37,Assessments!B:B,">="&$B$4,Assessments!B:B,"<="&$B$5)) | E37: =IF($D37=0,"",ROUND(AVERAGEIFS(Assessments!J:J,Assessments!G:G,$A37,Assessments!B:B,">="&$B$4,Assessments!B:B,"<="&$B$5),0)) | F37: =IF($D37=0,"",IFERROR(AVERAGEIFS(Assessments!J:J,Assessments!G:G,$A37,Assessments!B:B,$B$5),0)-IFERROR(AVERAGEIFS(Assessments!J:J,Assessments!G:G,$A37,Assessments!B:B,$B$4),0)) | G37: =IF($D37=0,"",MAXIFS(Assessments!J:J,Assessments!G:G,$A37,Assessments!B:B,">="&$B$4,Assessments!B:B,"<="&$B$5)) | H37: =IF($D37=0,"",MINIFS(Assessments!J:J,Assessments!G:G,$A37,Assessments!B:B,">="&$B$4,Assessments!B:B,"<="&$B$5)) | L37: =IF(OR($J37="", $K37=""),"",INDEX(Assessments!G:G,MATCH(MAXIFS(Assessments!J:J,Assessments!D:D,$J37,Assessments!E:E,$K37,Assessments!B:B,">="&$B$4,Assessments!B:B,"<="&$B$5),FILTER(Assessments!J:J,(Assessments!D:D=$J37)*(Assessments!E:E=$K37)*(Assessments!B:B>=$B$4)*(Assessments!B:B<=$B$5)),0))) | M37: =IF(OR($J37="", $K37=""),"",MAXIFS(Assessments!J:J,Assessments!D:D,$J37,Assessments!E:E,$K37,Assessments!B:B,">="&$B$4,Assessments!B:B,"<="&$B$5))
A38: =IF(Students!A32="","",Students!A32) | B38: =IF($A38="","",Students!B32) | C38: =IF($A38="","",Students!C32) | D38: =IF($A38="","",COUNTIFS(Assessments!G:G,$A38,Assessments!B:B,">="&$B$4,Assessments!B:B,"<="&$B$5)) | E38: =IF($D38=0,"",ROUND(AVERAGEIFS(Assessments!J:J,Assessments!G:G,$A38,Assessments!B:B,">="&$B$4,Assessments!B:B,"<="&$B$5),0)) | F38: =IF($D38=0,"",IFERROR(AVERAGEIFS(Assessments!J:J,Assessments!G:G,$A38,Assessments!B:B,$B$5),0)-IFERROR(AVERAGEIFS(Assessments!J:J,Assessments!G:G,$A38,Assessments!B:B,$B$4),0)) | G38: =IF($D38=0,"",MAXIFS(Assessments!J:J,Assessments!G:G,$A38,Assessments!B:B,">="&$B$4,Assessments!B:B,"<="&$B$5)) | H38: =IF($D38=0,"",MINIFS(Assessments!J:J,Assessments!G:G,$A38,Assessments!B:B,">="&$B$4,Assessments!B:B,"<="&$B$5)) | L38: =IF(OR($J38="", $K38=""),"",INDEX(Assessments!G:G,MATCH(MAXIFS(Assessments!J:J,Assessments!D:D,$J38,Assessments!E:E,$K38,Assessments!B:B,">="&$B$4,Assessments!B:B,"<="&$B$5),FILTER(Assessments!J:J,(Assessments!D:D=$J38)*(Assessments!E:E=$K38)*(Assessments!B:B>=$B$4)*(Assessments!B:B<=$B$5)),0))) | M38: =IF(OR($J38="", $K38=""),"",MAXIFS(Assessments!J:J,Assessments!D:D,$J38,Assessments!E:E,$K38,Assessments!B:B,">="&$B$4,Assessments!B:B,"<="&$B$5))
A39: =IF(Students!A33="","",Students!A33) | B39: =IF($A39="","",Students!B33) | C39: =IF($A39="","",Students!C33) | D39: =IF($A39="","",COUNTIFS(Assessments!G:G,$A39,Assessments!B:B,">="&$B$4,Assessments!B:B,"<="&$B$5)) | E39: =IF($D39=0,"",ROUND(AVERAGEIFS(Assessments!J:J,Assessments!G:G,$A39,Assessments!B:B,">="&$B$4,Assessments!B:B,"<="&$B$5),0)) | F39: =IF($D39=0,"",IFERROR(AVERAGEIFS(Assessments!J:J,Assessments!G:G,$A39,Assessments!B:B,$B$5),0)-IFERROR(AVERAGEIFS(Assessments!J:J,Assessments!G:G,$A39,Assessments!B:B,$B$4),0)) | G39: =IF($D39=0,"",MAXIFS(Assessments!J:J,Assessments!G:G,$A39,Assessments!B:B,">="&$B$4,Assessments!B:B,"<="&$B$5)) | H39: =IF($D39=0,"",MINIFS(Assessments!J:J,Assessments!G:G,$A39,Assessments!B:B,">="&$B$4,Assessments!B:B,"<="&$B$5)) | L39: =IF(OR($J39="", $K39=""),"",INDEX(Assessments!G:G,MATCH(MAXIFS(Assessments!J:J,Assessments!D:D,$J39,Assessments!E:E,$K39,Assessments!B:B,">="&$B$4,Assessments!B:B,"<="&$B$5),FILTER(Assessments!J:J,(Assessments!D:D=$J39)*(Assessments!E:E=$K39)*(Assessments!B:B>=$B$4)*(Assessments!B:B<=$B$5)),0))) | M39: =IF(OR($J39="", $K39=""),"",MAXIFS(Assessments!J:J,Assessments!D:D,$J39,Assessments!E:E,$K39,Assessments!B:B,">="&$B$4,Assessments!B:B,"<="&$B$5))
A40: =IF(Students!A34="","",Students!A34) | B40: =IF($A40="","",Students!B34) | C40: =IF($A40="","",Students!C34) | D40: =IF($A40="","",COUNTIFS(Assessments!G:G,$A40,Assessments!B:B,">="&$B$4,Assessments!B:B,"<="&$B$5)) | E40: =IF($D40=0,"",ROUND(AVERAGEIFS(Assessments!J:J,Assessments!G:G,$A40,Assessments!B:B,">="&$B$4,Assessments!B:B,"<="&$B$5),0)) | F40: =IF($D40=0,"",IFERROR(AVERAGEIFS(Assessments!J:J,Assessments!G:G,$A40,Assessments!B:B,$B$5),0)-IFERROR(AVERAGEIFS(Assessments!J:J,Assessments!G:G,$A40,Assessments!B:B,$B$4),0)) | G40: =IF($D40=0,"",MAXIFS(Assessments!J:J,Assessments!G:G,$A40,Assessments!B:B,">="&$B$4,Assessments!B:B,"<="&$B$5)) | H40: =IF($D40=0,"",MINIFS(Assessments!J:J,Assessments!G:G,$A40,Assessments!B:B,">="&$B$4,Assessments!B:B,"<="&$B$5)) | L40: =IF(OR($J40="", $K40=""),"",INDEX(Assessments!G:G,MATCH(MAXIFS(Assessments!J:J,Assessments!D:D,$J40,Assessments!E:E,$K40,Assessments!B:B,">="&$B$4,Assessments!B:B,"<="&$B$5),FILTER(Assessments!J:J,(Assessments!D:D=$J40)*(Assessments!E:E=$K40)*(Assessments!B:B>=$B$4)*(Assessments!B:B<=$B$5)),0))) | M40: =IF(OR($J40="", $K40=""),"",MAXIFS(Assessments!J:J,Assessments!D:D,$J40,Assessments!E:E,$K40,Assessments!B:B,">="&$B$4,Assessments!B:B,"<="&$B$5))
A41: =IF(Students!A35="","",Students!A35) | B41: =IF($A41="","",Students!B35) | C41: =IF($A41="","",Students!C35) | D41: =IF($A41="","",COUNTIFS(Assessments!G:G,$A41,Assessments!B:B,">="&$B$4,Assessments!B:B,"<="&$B$5)) | E41: =IF($D41=0,"",ROUND(AVERAGEIFS(Assessments!J:J,Assessments!G:G,$A41,Assessments!B:B,">="&$B$4,Assessments!B:B,"<="&$B$5),0)) | F41: =IF($D41=0,"",IFERROR(AVERAGEIFS(Assessments!J:J,Assessments!G:G,$A41,Assessments!B:B,$B$5),0)-IFERROR(AVERAGEIFS(Assessments!J:J,Assessments!G:G,$A41,Assessments!B:B,$B$4),0)) | G41: =IF($D41=0,"",MAXIFS(Assessments!J:J,Assessments!G:G,$A41,Assessments!B:B,">="&$B$4,Assessments!B:B,"<="&$B$5)) | H41: =IF($D41=0,"",MINIFS(Assessments!J:J,Assessments!G:G,$A41,Assessments!B:B,">="&$B$4,Assessments!B:B,"<="&$B$5)) | L41: =IF(OR($J41="", $K41=""),"",INDEX(Assessments!G:G,MATCH(MAXIFS(Assessments!J:J,Assessments!D:D,$J41,Assessments!E:E,$K41,Assessments!B:B,">="&$B$4,Assessments!B:B,"<="&$B$5),FILTER(Assessments!J:J,(Assessments!D:D=$J41)*(Assessments!E:E=$K41)*(Assessments!B:B>=$B$4)*(Assessments!B:B<=$B$5)),0))) | M41: =IF(OR($J41="", $K41=""),"",MAXIFS(Assessments!J:J,Assessments!D:D,$J41,Assessments!E:E,$K41,Assessments!B:B,">="&$B$4,Assessments!B:B,"<="&$B$5))
A42: =IF(Students!A36="","",Students!A36) | B42: =IF($A42="","",Students!B36) | C42: =IF($A42="","",Students!C36) | D42: =IF($A42="","",COUNTIFS(Assessments!G:G,$A42,Assessments!B:B,">="&$B$4,Assessments!B:B,"<="&$B$5)) | E42: =IF($D42=0,"",ROUND(AVERAGEIFS(Assessments!J:J,Assessments!G:G,$A42,Assessments!B:B,">="&$B$4,Assessments!B:B,"<="&$B$5),0)) | F42: =IF($D42=0,"",IFERROR(AVERAGEIFS(Assessments!J:J,Assessments!G:G,$A42,Assessments!B:B,$B$5),0)-IFERROR(AVERAGEIFS(Assessments!J:J,Assessments!G:G,$A42,Assessments!B:B,$B$4),0)) | G42: =IF($D42=0,"",MAXIFS(Assessments!J:J,Assessments!G:G,$A42,Assessments!B:B,">="&$B$4,Assessments!B:B,"<="&$B$5)) | H42: =IF($D42=0,"",MINIFS(Assessments!J:J,Assessments!G:G,$A42,Assessments!B:B,">="&$B$4,Assessments!B:B,"<="&$B$5)) | L42: =IF(OR($J42="", $K42=""),"",INDEX(Assessments!G:G,MATCH(MAXIFS(Assessments!J:J,Assessments!D:D,$J42,Assessments!E:E,$K42,Assessments!B:B,">="&$B$4,Assessments!B:B,"<="&$B$5),FILTER(Assessments!J:J,(Assessments!D:D=$J42)*(Assessments!E:E=$K42)*(Assessments!B:B>=$B$4)*(Assessments!B:B<=$B$5)),0))) | M42: =IF(OR($J42="", $K42=""),"",MAXIFS(Assessments!J:J,Assessments!D:D,$J42,Assessments!E:E,$K42,Assessments!B:B,">="&$B$4,Assessments!B:B,"<="&$B$5))
